Ngay,KLGDRong,GTDGRong,ThayDoi,KLMua,GtMua,KLBan,GtBan,RoomConLai,DangSoHuu
19/06/2008,0,0,0(0.00 %),0,0,0,0,0,0.0
20/06/2008,0,0,0(0.00 %),0,0,0,0,0,0.0
23/06/2008,0,0,0(0.00 %),0,0,0,0,0,0.0
24/06/2008,0,0,0(0.00 %),0,0,0,0,0,0.0
25/06/2008,0,0,0(0.00 %),0,0,0,0,0,0.0
26/06/2008,0,0,0(0.00 %),0,0,0,0,0,0.0
27/06/2008,0,0,0(0.00 %),0,0,0,0,0,0.0
30/06/2008,0,0,0(0.00 %),0,0,0,0,0,0.0
01/07/2008,-140,-5208000,0(0.00 %),0,0,140,5208000,0,0.0
02/07/2008,0,0,0(0.00 %),0,0,0,0,0,0.0
03/07/2008,0,0,0(0.00 %),0,0,0,0,0,0.0
04/07/2008,0,0,0(0.00 %),0,0,0,0,0,0.0
07/07/2008,0,0,0(0.00 %),0,0,0,0,0,0.0
08/07/2008,0,0,0(0.00 %),0,0,0,0,0,0.0
09/07/2008,0,0,0(0.00 %),0,0,0,0,0,0.0
10/07/2008,0,0,0(0.00 %),0,0,0,0,0,0.0
11/07/2008,0,0,0(0.00 %),0,0,0,0,0,0.0
14/07/2008,0,0,0(0.00 %),0,0,0,0,0,0.0
15/07/2008,0,0,0(0.00 %),0,0,0,0,0,0.0
16/07/2008,0,0,0(0.00 %),0,0,0,0,0,0.0
17/07/2008,0,0,0(0.00 %),0,0,0,0,0,0.0
18/07/2008,0,0,0(0.00 %),0,0,0,0,0,0.0
21/07/2008,0,0,0(0.00 %),0,0,0,0,0,0.0
22/07/2008,0,0,0(0.00 %),0,0,0,0,0,0.0
23/07/2008,0,0,0(0.00 %),0,0,0,0,0,0.0
24/07/2008,0,0,0(0.00 %),0,0,0,0,0,0.0
25/07/2008,0,0,0(0.00 %),0,0,0,0,0,0.0
28/07/2008,0,0,0(0.00 %),0,0,0,0,0,0.0
29/07/2008,0,0,0(0.00 %),0,0,0,0,0,0.0
30/07/2008,0,0,19.7(-2.96 %),0,0,0,0,0,0.0
31/07/2008,0,0,19.2(-2.54 %),0,0,0,0,0,0.0
01/08/2008,0,0,18.7(-2.60 %),0,0,0,0,0,0.0
04/08/2008,0,0,18.2(-2.67 %),0,0,0,0,0,0.0
05/08/2008,0,0,17.7(-2.75 %),0,0,0,0,0,0.0
06/08/2008,0,0,17.2(-2.82 %),0,0,0,0,0,0.0
07/08/2008,0,0,16.7(-2.91 %),0,0,0,0,0,0.0
08/08/2008,0,0,16.2(-2.99 %),0,0,0,0,0,0.0
11/08/2008,0,0,15.8(-2.47 %),0,0,0,0,0,0.0
12/08/2008,-56890,-896273000,15.4(-2.53 %),0,0,56890,896273000,0,0.0
13/08/2008,-14510,-217650000,15(-2.60 %),0,0,14510,217650000,0,0.0
14/08/2008,-209000,-3118500000,14.6(-2.67 %),0,0,209000,3118500000,0,0.0
15/08/2008,0,0,15(2.74 %),0,0,0,0,0,0.0
18/08/2008,-119460,-1718585000,15.3(2.00 %),0,0,119460,1718585000,0,0.0
19/08/2008,0,0,14.6(-4.58 %),0,0,0,0,0,0.0
20/08/2008,100,1390000,13.9(-4.79 %),100,1390000,0,0,0,0.0
21/08/2008,4000,57600000,14.5(4.32 %),4000,57600000,0,0,0,0.0
22/08/2008,0,0,14.7(1.38 %),0,0,0,0,0,0.0
25/08/2008,0,0,15.4(4.76 %),0,0,0,0,0,0.0
26/08/2008,0,0,16.1(4.55 %),0,0,0,0,0,0.0
27/08/2008,-4000,-67600000,16.5(2.48 %),0,0,4000,67600000,0,0.0
28/08/2008,0,0,15.7(-4.85 %),0,0,0,0,0,0.0
29/08/2008,0,0,15(-4.46 %),0,0,0,0,0,0.0
03/09/2008,0,0,15.7(4.67 %),0,0,0,0,0,0.0
04/09/2008,0,0,15.6(-0.64 %),0,0,0,0,0,0.0
05/09/2008,30,486000,16.3(4.49 %),30,486000,0,0,0,0.0
08/09/2008,15050,257155000,17.1(4.91 %),15050,257155000,0,0,0,0.0
09/09/2008,0,0,17.9(4.68 %),0,0,0,0,0,0.0
10/09/2008,0,0,17.1(-4.47 %),0,0,0,0,0,0.0
11/09/2008,130,2119000,16.3(-4.68 %),130,2119000,0,0,0,0.0
12/09/2008,0,0,15.5(-4.91 %),0,0,0,0,0,0.0
15/09/2008,-15060,-227506000,14.8(-4.52 %),0,0,15060,227506000,0,0.0
16/09/2008,0,0,14.1(-4.73 %),0,0,0,0,0,0.0
17/09/2008,0,0,13.4(-4.96 %),0,0,0,0,0,0.0
18/09/2008,1800,23040000,12.8(-4.48 %),1800,23040000,0,0,0,0.0
19/09/2008,0,0,13.4(4.69 %),0,0,0,0,0,0.0
22/09/2008,20,280000,14(4.48 %),20,280000,0,0,0,0.0
23/09/2008,0,0,13.3(-5.00 %),0,0,0,0,0,0.0
24/09/2008,0,0,12.8(-3.76 %),0,0,0,0,0,0.0
25/09/2008,0,0,13.3(3.91 %),0,0,0,0,0,0.0
26/09/2008,0,0,13.1(-1.50 %),0,0,0,0,0,0.0
29/09/2008,200,2560000,12.8(-2.29 %),200,2560000,0,0,0,0.0
30/09/2008,0,0,12.2(-4.69 %),0,0,0,0,0,0.0
01/10/2008,0,0,11.7(-4.10 %),0,0,0,0,0,0.0
02/10/2008,0,0,12.2(4.27 %),0,0,0,0,0,0.0
03/10/2008,0,0,12.1(-0.82 %),0,0,0,0,0,0.0
06/10/2008,0,0,11.5(-4.96 %),0,0,0,0,0,0.0
07/10/2008,0,0,11(-4.35 %),0,0,0,0,0,0.0
08/10/2008,0,0,10.5(-4.55 %),0,0,0,0,0,0.0
09/10/2008,0,0,10.1(-3.81 %),0,0,0,0,0,0.0
10/10/2008,0,0,9.6(-4.95 %),0,0,0,0,0,0.0
13/10/2008,0,0,9.2(-4.17 %),0,0,0,0,0,0.0
14/10/2008,0,0,9.6(4.35 %),0,0,0,0,0,0.0
15/10/2008,0,0,10(4.17 %),0,0,0,0,0,0.0
16/10/2008,0,0,9.5(-5.00 %),0,0,0,0,0,0.0
17/10/2008,0,0,9.6(1.05 %),0,0,0,0,0,0.0
20/10/2008,0,0,9.5(-1.04 %),0,0,0,0,0,0.0
21/10/2008,0,0,9.7(2.11 %),0,0,0,0,0,0.0
22/10/2008,0,0,9.5(-2.06 %),0,0,0,0,0,0.0
23/10/2008,0,0,9.1(-4.21 %),0,0,0,0,0,0.0
24/10/2008,0,0,8.7(-4.40 %),0,0,0,0,0,0.0
27/10/2008,0,0,8.3(-4.60 %),0,0,0,0,0,0.0
28/10/2008,0,0,7.9(-4.82 %),0,0,0,0,0,0.0
29/10/2008,0,0,7.9(0.00 %),0,0,0,0,0,0.0
30/10/2008,100,790000,8.1(2.53 %),100,790000,0,0,0,0.0
31/10/2008,0,0,8.3(2.47 %),0,0,0,0,0,0.0
03/11/2008,0,0,8.5(2.41 %),0,0,0,0,0,0.0
04/11/2008,0,0,8.9(4.71 %),0,0,0,0,0,0.0
05/11/2008,0,0,9.3(4.49 %),0,0,0,0,0,0.0
06/11/2008,0,0,8.9(-4.30 %),0,0,0,0,0,0.0
07/11/2008,600,5100000,8.5(-4.49 %),600,5100000,0,0,0,0.0
10/11/2008,0,0,8.2(-3.53 %),0,0,0,0,0,0.0
11/11/2008,0,0,7.9(-3.66 %),0,0,0,0,0,0.0
12/11/2008,0,0,8.2(3.80 %),0,0,0,0,0,0.0
13/11/2008,0,0,8.2(0.00 %),0,0,0,0,0,0.0
14/11/2008,0,0,8.3(1.22 %),0,0,0,0,0,0.0
17/11/2008,0,0,8.2(-1.20 %),0,0,0,0,0,0.0
18/11/2008,0,0,8.2(0.00 %),0,0,0,0,0,0.0
19/11/2008,0,0,8.4(2.44 %),0,0,0,0,0,0.0
20/11/2008,0,0,8(-4.76 %),0,0,0,0,0,0.0
21/11/2008,0,0,7.7(-3.75 %),0,0,0,0,0,0.0
24/11/2008,0,0,7.6(-1.30 %),0,0,0,0,0,0.0
25/11/2008,0,0,7.6(0.00 %),0,0,0,0,0,0.0
26/11/2008,0,0,7.6(0.00 %),0,0,0,0,0,0.0
27/11/2008,0,0,7.3(-3.95 %),0,0,0,0,0,0.0
28/11/2008,0,0,7.6(4.11 %),0,0,0,0,0,0.0
01/12/2008,0,0,7.5(-1.32 %),0,0,0,0,0,0.0
02/12/2008,0,0,7.5(0.00 %),0,0,0,0,0,0.0
03/12/2008,0,0,7.2(2.86 %),0,0,0,0,0,0.0
04/12/2008,0,0,7.2(0.00 %),0,0,0,0,0,0.0
05/12/2008,0,0,7.2(0.00 %),0,0,0,0,0,0.0
08/12/2008,0,0,6.9(-4.17 %),0,0,0,0,0,0.0
09/12/2008,0,0,6.6(-4.35 %),0,0,0,0,0,0.0
10/12/2008,0,0,6.5(-1.52 %),0,0,0,0,0,0.0
11/12/2008,-30,-189000,6.4(-1.54 %),0,0,30,189000,0,0.0
12/12/2008,0,0,6.7(4.69 %),0,0,0,0,0,0.0
15/12/2008,0,0,7(4.48 %),0,0,0,0,0,0.0
16/12/2008,-20,-134000,6.7(-4.29 %),0,0,20,134000,0,0.0
17/12/2008,0,0,6.9(2.99 %),0,0,0,0,0,0.0
18/12/2008,0,0,6.7(-2.90 %),0,0,0,0,0,0.0
19/12/2008,0,0,6.8(1.49 %),0,0,0,0,0,0.0
22/12/2008,0,0,6.8(0.00 %),0,0,0,0,0,0.0
23/12/2008,0,0,6.5(-4.41 %),0,0,0,0,0,0.0
24/12/2008,0,0,6.6(1.54 %),0,0,0,0,0,0.0
25/12/2008,0,0,6.4(-3.03 %),0,0,0,0,0,0.0
26/12/2008,0,0,6.5(1.56 %),0,0,0,0,0,0.0
29/12/2008,0,0,6.5(0.00 %),0,0,0,0,0,0.0
30/12/2008,0,0,6.5(0.00 %),0,0,0,0,0,0.0
31/12/2008,0,0,6.5(0.00 %),0,0,0,0,0,0.0
02/01/2009,1500,9900000,6.5(0.00 %),1500,9900000,0,0,3910580,0.12
05/01/2009,0,0,6.8(4.62 %),0,0,0,0,3910580,0.12
06/01/2009,0,0,7.1(4.41 %),0,0,0,0,3910580,0.12
07/01/2009,0,0,7.3(2.82 %),0,0,0,0,3910580,0.12
08/01/2009,0,0,7(-4.11 %),0,0,0,0,3910580,0.12
09/01/2009,0,0,7(0.00 %),0,0,0,0,3910580,0.12
12/01/2009,0,0,6.8(-2.86 %),0,0,0,0,3910580,0.12
13/01/2009,0,0,6.6(-2.94 %),0,0,0,0,3910580,0.12
14/01/2009,0,0,6.5(-1.52 %),0,0,0,0,3910580,0.12
15/01/2009,0,0,6.5(0.00 %),0,0,0,0,3910580,0.12
16/01/2009,0,0,6.7(3.08 %),0,0,0,0,3910580,0.12
19/01/2009,0,0,6.6(-1.49 %),0,0,0,0,3910580,0.12
20/01/2009,100,640000,6.6(0.00 %),100,640000,0,0,3910480,0.12
21/01/2009,0,0,6.6(0.00 %),0,0,0,0,3910480,0.12
22/01/2009,0,0,6.6(0.00 %),0,0,0,0,3910480,0.12
23/01/2009,0,0,6.7(1.52 %),0,0,0,0,3910480,0.12
02/02/2009,0,0,6.7(0.00 %),0,0,0,0,3910480,0.12
03/02/2009,0,0,6.4(-4.48 %),0,0,0,0,3910480,0.12
04/02/2009,0,0,6.1(-4.69 %),0,0,0,0,3910480,0.12
05/02/2009,0,0,5.9(-3.28 %),0,0,0,0,3910480,0.12
06/02/2009,0,0,5.9(0.00 %),0,0,0,0,3910480,0.12
09/02/2009,0,0,6(1.69 %),0,0,0,0,3910480,0.12
10/02/2009,0,0,5.8(-3.33 %),0,0,0,0,3910480,0.12
11/02/2009,0,0,5.6(-3.45 %),0,0,0,0,3910480,0.12
12/02/2009,0,0,5.6(0.00 %),0,0,0,0,3910480,0.12
13/02/2009,0,0,5.6(0.00 %),0,0,0,0,3910480,0.12
16/02/2009,0,0,5.4(-3.57 %),0,0,0,0,3910480,0.12
17/02/2009,-20,-104000,5.2(-3.70 %),0,0,20,104000,3910500,0.12
18/02/2009,0,0,5.1(-1.92 %),0,0,0,0,3910500,0.12
19/02/2009,0,0,5.1(0.00 %),0,0,0,0,3910500,0.12
20/02/2009,0,0,5.1(0.00 %),0,0,0,0,3910500,0.12
23/02/2009,0,0,5(-1.96 %),0,0,0,0,3910500,0.12
24/02/2009,0,0,5(0.00 %),0,0,0,0,3910500,0.12
25/02/2009,0,0,5.1(2.00 %),0,0,0,0,3910500,0.12
26/02/2009,0,0,5.2(1.96 %),0,0,0,0,3910500,0.12
27/02/2009,0,0,5.2(0.00 %),0,0,0,0,3910500,0.12
02/03/2009,0,0,5.2(0.00 %),0,0,0,0,3910500,0.12
03/03/2009,0,0,5.3(1.92 %),0,0,0,0,3910500,0.12
04/03/2009,0,0,5.4(1.89 %),0,0,0,0,3910500,0.12
05/03/2009,0,0,5.3(-1.85 %),0,0,0,0,3910500,0.12
06/03/2009,0,0,5.4(1.89 %),0,0,0,0,3910500,0.12
09/03/2009,0,0,5.4(0.00 %),0,0,0,0,3910500,0.12
10/03/2009,0,0,5.6(3.70 %),0,0,0,0,3910500,0.12
11/03/2009,0,0,5.8(3.57 %),0,0,0,0,3910500,0.12
12/03/2009,0,0,5.7(-1.72 %),0,0,0,0,3910500,0.12
13/03/2009,50,280000,5.7(0.00 %),50,280000,0,0,3910450,0.12
16/03/2009,50,285000,5.7(0.00 %),50,285000,0,0,3910400,0.12
17/03/2009,0,0,5.7(0.00 %),0,0,0,0,3910400,0.12
18/03/2009,0,0,5.8(1.75 %),0,0,0,0,3910400,0.12
19/03/2009,0,0,5.6(-3.45 %),0,0,0,0,3910400,0.12
20/03/2009,0,0,5.7(1.79 %),0,0,0,0,3910400,0.12
23/03/2009,200,1100000,5.5(-3.51 %),200,1100000,0,0,3910200,0.12
24/03/2009,0,0,5.5(0.00 %),0,0,0,0,3910200,0.12
25/03/2009,40,220000,5.6(1.82 %),40,220000,0,0,3910160,0.12
26/03/2009,150,835000,5.7(1.79 %),150,835000,0,0,3910010,0.12
27/03/2009,0,0,5.8(1.75 %),0,0,0,0,3910010,0.12
30/03/2009,0,0,6(3.45 %),0,0,0,0,3910010,0.12
31/03/2009,0,0,6.3(5.00 %),0,0,0,0,3910010,0.12
01/04/2009,0,0,6.6(4.76 %),0,0,0,0,3910010,0.12
02/04/2009,0,0,6.9(4.55 %),0,0,0,0,3910010,0.12
03/04/2009,0,0,7.2(4.35 %),0,0,0,0,3910010,0.12
07/04/2009,-90,-666000,6.9(-4.17 %),0,0,90,666000,3910100,0.12
08/04/2009,0,0,6.8(-1.45 %),0,0,0,0,3910100,0.12
09/04/2009,0,0,7(2.94 %),0,0,0,0,3910100,0.12
10/04/2009,0,0,7.3(4.29 %),0,0,0,0,3910100,0.12
13/04/2009,0,0,7.6(4.11 %),0,0,0,0,3910100,0.12
14/04/2009,100,770000,7.9(3.95 %),100,770000,0,0,3910000,0.12
15/04/2009,0,0,7.6(-3.80 %),0,0,0,0,3910000,0.12
16/04/2009,0,0,7.5(-1.32 %),0,0,0,0,3910000,0.12
17/04/2009,-2200,-16060000,7.2(-4.00 %),0,0,2200,16060000,3912200,0.1
20/04/2009,0,0,6.9(-4.17 %),0,0,0,0,3912200,0.1
21/04/2009,0,0,6.7(-2.90 %),0,0,0,0,3912200,0.1
22/04/2009,0,0,7(4.48 %),0,0,0,0,3912200,0.1
23/04/2009,0,0,7.2(2.86 %),0,0,0,0,3912200,0.1
24/04/2009,0,0,7.1(-1.39 %),0,0,0,0,3912200,0.1
27/04/2009,0,0,6.8(-4.23 %),0,0,0,0,3912200,0.1
28/04/2009,0,0,6.9(1.47 %),0,0,0,0,3912200,0.1
29/04/2009,0,0,6.9(0.00 %),0,0,0,0,3912200,0.1
04/05/2009,0,0,7.2(4.35 %),0,0,0,0,3912200,0.1
05/05/2009,0,0,7.5(4.17 %),0,0,0,0,3912200,0.1
06/05/2009,0,0,7.2(-4.00 %),0,0,0,0,3912200,0.1
07/05/2009,0,0,7.5(4.17 %),0,0,0,0,3912200,0.1
08/05/2009,0,0,7.4(-1.33 %),0,0,0,0,3912200,0.1
11/05/2009,0,0,7.7(4.05 %),0,0,0,0,3912200,0.1
12/05/2009,0,0,8(3.90 %),0,0,0,0,3912200,0.1
13/05/2009,0,0,8.4(5.00 %),0,0,0,0,3912200,0.1
14/05/2009,100,880000,8.8(4.76 %),100,880000,0,0,3912100,0.1
15/05/2009,0,0,9.2(4.55 %),0,0,0,0,3912100,0.1
18/05/2009,0,0,9.6(4.35 %),0,0,0,0,3912100,0.1
19/05/2009,0,0,10(4.17 %),0,0,0,0,3912100,0.1
20/05/2009,0,0,10.5(5.00 %),0,0,0,0,3912100,0.1
21/05/2009,0,0,11(4.76 %),0,0,0,0,3912100,0.1
22/05/2009,0,0,10.5(-4.55 %),0,0,0,0,3912100,0.1
25/05/2009,0,0,10.9(3.81 %),0,0,0,0,3912100,0.1
26/05/2009,0,0,10.4(-4.59 %),0,0,0,0,3912100,0.1
27/05/2009,0,0,10.4(0.00 %),0,0,0,0,3912100,0.1
28/05/2009,0,0,10(-3.85 %),0,0,0,0,3912100,0.1
29/05/2009,0,0,10.4(4.00 %),0,0,0,0,3912100,0.1
01/06/2009,0,0,10.9(4.81 %),0,0,0,0,3912100,0.1
02/06/2009,0,0,11.4(4.59 %),0,0,0,0,3912100,0.1
03/06/2009,0,0,11.9(4.39 %),0,0,0,0,3912100,0.1
04/06/2009,0,0,12.4(4.20 %),0,0,0,0,3912100,0.1
05/06/2009,0,0,13(4.84 %),0,0,0,0,3912100,0.1
08/06/2009,0,0,13.6(4.62 %),0,0,0,0,3912100,0.1
09/06/2009,0,0,14.2(4.41 %),0,0,0,0,3912100,0.1
10/06/2009,0,0,14.9(4.93 %),0,0,0,0,3912100,0.1
11/06/2009,0,0,15.6(4.70 %),0,0,0,0,3912100,0.1
12/06/2009,0,0,16.3(4.49 %),0,0,0,0,3912100,0.1
15/06/2009,0,0,17.1(4.91 %),0,0,0,0,3912100,0.1
16/06/2009,-200,-3420000,16.3(-4.68 %),0,0,200,3420000,3912300,0.1
17/06/2009,0,0,17.1(4.91 %),0,0,0,0,3912300,0.1
18/06/2009,0,0,17.9(4.68 %),0,0,0,0,3912300,0.1
19/06/2009,0,0,17.1(-4.47 %),0,0,0,0,3912300,0.1
22/06/2009,0,0,16.3(-4.68 %),0,0,0,0,3912300,0.1
23/06/2009,0,0,15.5(-4.91 %),0,0,0,0,3912300,0.1
24/06/2009,0,0,14.8(-4.52 %),0,0,0,0,3912300,0.1
25/06/2009,0,0,14.1(-4.73 %),0,0,0,0,3912300,0.1
26/06/2009,0,0,14.6(3.55 %),0,0,0,0,3912300,0.1
29/06/2009,0,0,14.1(-3.42 %),0,0,0,0,3912300,0.1
30/06/2009,0,0,13.4(-4.96 %),0,0,0,0,3912300,0.1
01/07/2009,0,0,12.8(-4.48 %),0,0,0,0,3912300,0.1
02/07/2009,0,0,12.2(-4.69 %),0,0,0,0,3912300,0.1
03/07/2009,0,0,11.6(-4.92 %),0,0,0,0,3912300,0.1
06/07/2009,0,0,12.1(4.31 %),0,0,0,0,3912300,0.1
07/07/2009,0,0,12.7(4.96 %),0,0,0,0,3912300,0.1
08/07/2009,0,0,13.3(4.72 %),0,0,0,0,3912300,0.1
09/07/2009,0,0,13.9(4.51 %),0,0,0,0,3912300,0.1
10/07/2009,0,0,13.3(-4.32 %),0,0,0,0,3912300,0.1
13/07/2009,0,0,12.7(-4.51 %),0,0,0,0,3912300,0.1
14/07/2009,0,0,12.1(-4.72 %),0,0,0,0,3912300,0.1
15/07/2009,0,0,12.2(0.83 %),0,0,0,0,3912300,0.1
16/07/2009,0,0,12.4(1.64 %),0,0,0,0,3912300,0.1
17/07/2009,0,0,12.2(-1.61 %),0,0,0,0,3912300,0.1
20/07/2009,0,0,11.6(-4.92 %),0,0,0,0,3912300,0.1
21/07/2009,0,0,11.7(0.86 %),0,0,0,0,3912300,0.1
22/07/2009,0,0,11.5(-1.71 %),0,0,0,0,3912300,0.1
23/07/2009,0,0,12(4.35 %),0,0,0,0,3912300,0.1
24/07/2009,0,0,12.6(5.00 %),0,0,0,0,3912300,0.1
27/07/2009,0,0,13.2(4.76 %),0,0,0,0,3912300,0.1
28/07/2009,0,0,12.6(-4.55 %),0,0,0,0,3912300,0.1
29/07/2009,0,0,12.1(-3.97 %),0,0,0,0,3912300,0.1
30/07/2009,0,0,12(-0.83 %),0,0,0,0,3912300,0.1
31/07/2009,0,0,12.3(2.50 %),0,0,0,0,3912300,0.1
03/08/2009,0,0,11.8(-4.07 %),0,0,0,0,3912300,0.1
04/08/2009,0,0,12(1.69 %),0,0,0,0,3912300,0.1
05/08/2009,0,0,12(0.00 %),0,0,0,0,3912300,0.1
06/08/2009,0,0,12.2(1.67 %),0,0,0,0,3912300,0.1
07/08/2009,0,0,11.8(-3.28 %),0,0,0,0,3912300,0.1
10/08/2009,0,0,12.3(4.24 %),0,0,0,0,3912300,0.1
11/08/2009,0,0,12.9(4.88 %),0,0,0,0,3912300,0.1
12/08/2009,0,0,13.5(4.65 %),0,0,0,0,3912300,0.1
13/08/2009,0,0,13.3(-1.48 %),0,0,0,0,3912300,0.1
14/08/2009,0,0,12.8(-3.76 %),0,0,0,0,3912300,0.1
17/08/2009,0,0,12.3(-3.91 %),0,0,0,0,3912300,0.1
18/08/2009,0,0,12.9(4.88 %),0,0,0,0,3912300,0.1
19/08/2009,0,0,13.5(4.65 %),0,0,0,0,3912300,0.1
20/08/2009,0,0,14.1(4.44 %),0,0,0,0,3912300,0.1
21/08/2009,0,0,14.7(4.26 %),0,0,0,0,3912300,0.1
24/08/2009,0,0,14(-4.76 %),0,0,0,0,3912300,0.1
25/08/2009,0,0,13.3(-5.00 %),0,0,0,0,3912300,0.1
26/08/2009,0,0,13.9(4.51 %),0,0,0,0,3912300,0.1
27/08/2009,0,0,13.8(-0.72 %),0,0,0,0,3912300,0.1
28/08/2009,0,0,14.1(2.17 %),0,0,0,0,3912300,0.1
31/08/2009,0,0,14(-0.71 %),0,0,0,0,3912300,0.1
01/09/2009,0,0,13.7(-2.14 %),0,0,0,0,3912300,0.1
03/09/2009,0,0,13.6(-0.73 %),0,0,0,0,3912300,0.1
04/09/2009,0,0,13.4(-1.47 %),0,0,0,0,3912300,0.1
07/09/2009,0,0,13.5(0.75 %),0,0,0,0,3912300,0.1
08/09/2009,0,0,13.7(1.48 %),0,0,0,0,3912300,0.1
09/09/2009,0,0,13.6(-0.73 %),0,0,0,0,3912300,0.1
10/09/2009,0,0,13.7(0.74 %),0,0,0,0,3912300,0.1
11/09/2009,0,0,13.8(0.73 %),0,0,0,0,3912300,0.1
14/09/2009,0,0,13.7(-0.72 %),0,0,0,0,3912300,0.1
15/09/2009,0,0,13.4(-2.19 %),0,0,0,0,3912300,0.1
16/09/2009,0,0,13.3(-0.75 %),0,0,0,0,3912300,0.1
17/09/2009,0,0,13.1(-1.50 %),0,0,0,0,3912300,0.1
18/09/2009,0,0,13.7(4.58 %),0,0,0,0,3912300,0.1
21/09/2009,0,0,13.5(-1.46 %),0,0,0,0,3912300,0.1
22/09/2009,0,0,13.3(-1.48 %),0,0,0,0,3912300,0.1
23/09/2009,0,0,13.3(0.00 %),0,0,0,0,3912300,0.1
24/09/2009,0,0,13.2(-0.75 %),0,0,0,0,3912300,0.1
25/09/2009,0,0,13.2(0.00 %),0,0,0,0,3912300,0.1
28/09/2009,0,0,12.9(-2.27 %),0,0,0,0,3912300,0.1
29/09/2009,0,0,13.5(4.65 %),0,0,0,0,3912300,0.1
30/09/2009,0,0,13.1(-2.96 %),0,0,0,0,3912300,0.1
01/10/2009,0,0,12.9(-1.53 %),0,0,0,0,3912300,0.1
02/10/2009,0,0,12.4(-3.88 %),0,0,0,0,3912300,0.1
05/10/2009,0,0,12.7(2.42 %),0,0,0,0,3912300,0.1
06/10/2009,140,1750000,12.6(-0.79 %),140,1750000,0,0,3912160,0.1
07/10/2009,4360,55944000,12.8(1.59 %),4360,55944000,0,0,3907800,0.15
08/10/2009,40,512000,12.8(0.00 %),40,512000,0,0,3907760,0.15
09/10/2009,30,388000,12.9(0.78 %),30,388000,0,0,3907730,0.15
12/10/2009,0,0,13.5(4.65 %),0,0,0,0,3907730,0.15
13/10/2009,0,0,13.5(0.00 %),0,0,0,0,3907730,0.15
14/10/2009,2020,27070000,13.5(0.00 %),2020,27070000,0,0,3905710,0.18
15/10/2009,0,0,14.1(4.44 %),0,0,0,0,3905710,0.18
16/10/2009,5000,74000000,14.8(4.96 %),5000,74000000,0,0,3900710,0.24
19/10/2009,-3000,-46500000,15.5(4.73 %),0,0,3000,46500000,3903710,0.2
20/10/2009,-2000,-31000000,15.5(0.00 %),0,0,2000,31000000,3905710,0.18
21/10/2009,0,0,14.9(-3.87 %),0,0,0,0,3905710,0.18
22/10/2009,-90,-1341000,15.6(4.70 %),0,0,90,1341000,3905800,0.18
23/10/2009,-5000,-78100000,14.9(-4.49 %),0,0,5000,78100000,3910800,0.12
26/10/2009,0,0,14.2(-4.70 %),0,0,0,0,3910800,0.12
27/10/2009,0,0,13.5(-4.93 %),0,0,0,0,3910800,0.12
28/10/2009,0,0,12.9(-4.44 %),0,0,0,0,3910800,0.12
29/10/2009,0,0,12.6(-2.33 %),0,0,0,0,3910800,0.12
30/10/2009,0,0,12.7(0.79 %),0,0,0,0,3910800,0.12
02/11/2009,0,0,12.1(-4.72 %),0,0,0,0,3910800,0.12
03/11/2009,0,0,11.5(-4.96 %),0,0,0,0,3910800,0.12
04/11/2009,0,0,11.5(0.00 %),0,0,0,0,3910800,0.12
05/11/2009,100,1150000,12(4.35 %),100,1150000,0,0,3910700,0.12
06/11/2009,0,0,12.1(0.83 %),0,0,0,0,3910700,0.12
09/11/2009,0,0,11.5(-4.96 %),0,0,0,0,3910700,0.12
10/11/2009,0,0,11.5(0.00 %),0,0,0,0,3910700,0.12
11/11/2009,0,0,11.9(3.48 %),0,0,0,0,3910700,0.12
12/11/2009,0,0,12.2(2.52 %),0,0,0,0,3910700,0.12
13/11/2009,0,0,11.9(-2.46 %),0,0,0,0,3910700,0.12
16/11/2009,0,0,11.7(-1.68 %),0,0,0,0,3910700,0.12
17/11/2009,0,0,11.9(1.71 %),0,0,0,0,3910700,0.12
18/11/2009,0,0,11.7(-1.68 %),0,0,0,0,3910700,0.12
19/11/2009,0,0,12.2(4.27 %),0,0,0,0,3910700,0.12
20/11/2009,0,0,12.2(0.00 %),0,0,0,0,3910700,0.12
23/11/2009,0,0,12(-1.64 %),0,0,0,0,3910700,0.12
24/11/2009,0,0,11.8(-1.67 %),0,0,0,0,3910700,0.12
25/11/2009,0,0,11.3(-4.24 %),0,0,0,0,3910700,0.12
26/11/2009,0,0,10.8(-4.42 %),0,0,0,0,3910700,0.12
27/11/2009,0,0,10.8(0.00 %),0,0,0,0,3910700,0.12
30/11/2009,0,0,10.8(0.00 %),0,0,0,0,3910700,0.12
01/12/2009,0,0,11(1.85 %),0,0,0,0,3910700,0.12
02/12/2009,0,0,10.5(-4.55 %),0,0,0,0,3910700,0.12
03/12/2009,0,0,10.3(-1.90 %),0,0,0,0,3910700,0.12
04/12/2009,0,0,10.4(0.97 %),0,0,0,0,3910700,0.12
07/12/2009,0,0,10.4(0.00 %),0,0,0,0,3910700,0.12
08/12/2009,0,0,10.4(0.00 %),0,0,0,0,3910700,0.12
09/12/2009,0,0,9.9(-4.81 %),0,0,0,0,3910700,0.12
10/12/2009,0,0,9.5(-4.04 %),0,0,0,0,3910700,0.12
11/12/2009,0,0,9.1(-4.21 %),0,0,0,0,3910700,0.12
14/12/2009,0,0,9.4(3.30 %),0,0,0,0,3910700,0.12
15/12/2009,0,0,9.3(-1.06 %),0,0,0,0,3910700,0.12
16/12/2009,0,0,8.9(-4.30 %),0,0,0,0,3910700,0.12
17/12/2009,1500,12750000,8.5(-4.49 %),1500,12750000,0,0,3909200,0.14
18/12/2009,0,0,8.9(4.71 %),0,0,0,0,3909200,0.14
21/12/2009,0,0,9.3(4.49 %),0,0,0,0,3909200,0.14
22/12/2009,0,0,9.4(1.08 %),0,0,0,0,3909200,0.14
23/12/2009,0,0,9.4(0.00 %),0,0,0,0,3909200,0.14
24/12/2009,0,0,9.8(4.26 %),0,0,0,0,3909200,0.14
25/12/2009,0,0,10.2(4.08 %),0,0,0,0,3909200,0.14
28/12/2009,0,0,10.2(0.00 %),0,0,0,0,3909200,0.14
29/12/2009,0,0,9.8(-3.92 %),0,0,0,0,3909200,0.14
30/12/2009,0,0,9.9(1.02 %),0,0,0,0,3909200,0.14
31/12/2009,0,0,10(1.01 %),0,0,0,0,3909200,0.14
04/01/2010,0,0,10.5(5.00 %),0,0,0,0,3909200,0.14
05/01/2010,0,0,10.9(3.81 %),0,0,0,0,3909200,0.14
06/01/2010,0,0,10.9(0.00 %),0,0,0,0,3909200,0.14
07/01/2010,0,0,11.1(1.83 %),0,0,0,0,3909200,0.14
08/01/2010,0,0,10.6(-4.50 %),0,0,0,0,3909200,0.14
11/01/2010,0,0,10.3(-2.83 %),0,0,0,0,3909200,0.14
12/01/2010,0,0,9.8(-4.85 %),0,0,0,0,3909200,0.14
13/01/2010,0,0,9.8(0.00 %),0,0,0,0,3909200,0.14
14/01/2010,0,0,9.8(0.00 %),0,0,0,0,3909200,0.14
15/01/2010,0,0,9.5(-3.06 %),0,0,0,0,3909200,0.14
18/01/2010,50,460000,9.2(-3.16 %),50,460000,0,0,3909150,0.14
19/01/2010,0,0,9.4(2.17 %),0,0,0,0,3909150,0.14
20/01/2010,0,0,9.4(0.00 %),0,0,0,0,3909150,0.14
21/01/2010,0,0,9(-4.26 %),0,0,0,0,3909150,0.14
22/01/2010,500,4600000,9.1(1.11 %),500,4600000,0,0,3908650,0.14
25/01/2010,0,0,9.1(0.00 %),0,0,0,0,3908650,0.14
26/01/2010,0,0,9.5(4.40 %),0,0,0,0,3908650,0.14
27/01/2010,0,0,9.2(-3.16 %),0,0,0,0,3908650,0.14
28/01/2010,0,0,9(-2.17 %),0,0,0,0,3908650,0.14
29/01/2010,0,0,9(0.00 %),0,0,0,0,3908650,0.14
01/02/2010,0,0,9.3(3.33 %),0,0,0,0,3908650,0.14
02/02/2010,800,7310000,9.1(-2.15 %),800,7310000,0,0,3907850,0.15
03/02/2010,0,0,9.2(1.10 %),0,0,0,0,3907850,0.15
04/02/2010,0,0,9.2(0.00 %),0,0,0,0,3907850,0.15
05/02/2010,0,0,8.9(-3.26 %),0,0,0,0,3907850,0.15
08/02/2010,0,0,8.7(-2.25 %),0,0,0,0,3907850,0.15
09/02/2010,0,0,8.7(0.00 %),0,0,0,0,3907850,0.15
10/02/2010,0,0,8.9(2.30 %),0,0,0,0,3907850,0.15
11/02/2010,0,0,9.3(4.49 %),0,0,0,0,3907850,0.15
12/02/2010,0,0,9(-3.23 %),0,0,0,0,3907850,0.15
22/02/2010,50,460000,9.3(3.33 %),50,460000,0,0,3907800,0.15
23/02/2010,0,0,8.9(-4.30 %),0,0,0,0,3907800,0.15
24/02/2010,0,0,9(1.12 %),0,0,0,0,3907800,0.15
25/02/2010,0,0,9.1(1.11 %),0,0,0,0,3907800,0.15
26/02/2010,0,0,8.8(-3.30 %),0,0,0,0,3907800,0.15
01/03/2010,0,0,9(2.27 %),0,0,0,0,3907800,0.15
02/03/2010,0,0,8.8(-2.22 %),0,0,0,0,3907800,0.15
03/03/2010,0,0,9.1(3.41 %),0,0,0,0,3907800,0.15
04/03/2010,0,0,9.1(0.00 %),0,0,0,0,3907800,0.15
05/03/2010,0,0,9.2(1.10 %),0,0,0,0,3907800,0.15
08/03/2010,-100,-940000,9.4(2.17 %),0,0,100,940000,3907900,0.15
09/03/2010,0,0,9.8(4.26 %),0,0,0,0,3907900,0.15
10/03/2010,0,0,10.2(4.08 %),0,0,0,0,3907900,0.15
11/03/2010,0,0,10.7(4.90 %),0,0,0,0,3907900,0.15
12/03/2010,0,0,10.3(-3.74 %),0,0,0,0,3907900,0.15
15/03/2010,0,0,10.2(-0.97 %),0,0,0,0,3907900,0.15
16/03/2010,500,4900000,9.7(-4.90 %),500,4900000,0,0,3907400,0.16
17/03/2010,0,0,9.6(-1.03 %),1000,9600000,1000,9600000,3907400,0.16
18/03/2010,-2000,-19200000,9.7(1.04 %),0,0,2000,19200000,3909400,0.13
19/03/2010,0,0,9.5(-2.06 %),0,0,0,0,3909400,0.13
22/03/2010,0,0,9.4(-1.05 %),0,0,0,0,3909400,0.13
23/03/2010,0,0,9.4(0.00 %),0,0,0,0,3909400,0.13
24/03/2010,200,1840000,9.3(-1.06 %),200,1840000,0,0,3909200,0.14
25/03/2010,200,1860000,9(-3.23 %),200,1860000,0,0,3909000,0.14
26/03/2010,0,0,9(0.00 %),0,0,0,0,3909000,0.14
29/03/2010,0,0,9(0.00 %),0,0,0,0,3909000,0.14
30/03/2010,0,0,9.1(1.11 %),0,0,0,0,3909000,0.14
31/03/2010,0,0,9.5(4.40 %),0,0,0,0,3909000,0.14
01/04/2010,0,0,9.4(-1.05 %),0,0,0,0,3909000,0.14
02/04/2010,0,0,9.4(0.00 %),0,0,0,0,3909000,0.14
05/04/2010,0,0,9.2(-2.13 %),0,0,0,0,3909000,0.14
06/04/2010,0,0,9.3(1.09 %),0,0,0,0,3909000,0.14
07/04/2010,0,0,9.1(-2.15 %),0,0,0,0,3909000,0.14
08/04/2010,0,0,9.1(0.00 %),0,0,0,0,3909000,0.14
09/04/2010,0,0,9.3(2.20 %),0,0,0,0,3909000,0.14
12/04/2010,0,0,9.2(-1.08 %),0,0,0,0,3909000,0.14
13/04/2010,0,0,9.1(-1.09 %),0,0,0,0,3909000,0.14
14/04/2010,0,0,9.1(0.00 %),0,0,0,0,3909000,0.14
15/04/2010,0,0,9.2(1.10 %),0,0,0,0,3909000,0.14
16/04/2010,0,0,9.6(4.35 %),0,0,0,0,3909000,0.14
19/04/2010,0,0,9.5(-1.04 %),0,0,0,0,3909000,0.14
20/04/2010,0,0,9.5(0.00 %),0,0,0,0,3909000,0.14
21/04/2010,0,0,9.9(4.21 %),0,0,0,0,3909000,0.14
22/04/2010,500,5000000,9.6(-3.03 %),500,5000000,0,0,3908500,0.14
26/04/2010,0,0,9.3(-3.12 %),0,0,0,0,3908500,0.14
27/04/2010,0,0,9.7(4.30 %),0,0,0,0,3908500,0.14
28/04/2010,0,0,9.4(-3.09 %),0,0,0,0,3908500,0.14
29/04/2010,0,0,9.8(4.26 %),0,0,0,0,3908500,0.14
04/05/2010,0,0,10.2(4.08 %),0,0,0,0,3908500,0.14
05/05/2010,0,0,10.7(4.90 %),0,0,0,0,3908500,0.14
06/05/2010,0,0,11.2(4.67 %),0,0,0,0,3908500,0.14
07/05/2010,1950,22620000,11.7(4.46 %),2000,23200000,50,580000,3906550,0.17
10/05/2010,-500,-5900000,12.2(4.27 %),0,0,500,5900000,3907050,0.16
11/05/2010,-150,-1920000,12.8(4.92 %),0,0,150,1920000,3907200,0.16
12/05/2010,0,0,12.2(-4.69 %),0,0,0,0,3907200,0.16
13/05/2010,0,0,11.6(-4.92 %),0,0,0,0,3907200,0.16
14/05/2010,0,0,11.1(-4.31 %),0,0,0,0,3907200,0.16
17/05/2010,0,0,10.6(-4.50 %),0,0,0,0,3907200,0.16
18/05/2010,0,0,10.1(-4.72 %),0,0,0,0,3907200,0.16
19/05/2010,0,0,9.6(-4.95 %),0,0,0,0,3907200,0.16
20/05/2010,0,0,9.6(0.00 %),0,0,0,0,3907200,0.16
21/05/2010,0,0,9.2(-4.17 %),0,0,0,0,3907200,0.16
24/05/2010,0,0,8.8(-4.35 %),0,0,0,0,3907200,0.16
25/05/2010,-2000,-17400000,9.1(3.41 %),0,0,2000,17400000,3909200,0.14
26/05/2010,0,0,9.4(3.30 %),0,0,0,0,3909200,0.14
27/05/2010,0,0,9.4(0.00 %),0,0,0,0,3909200,0.14
28/05/2010,0,0,9.8(4.26 %),0,0,0,0,3909200,0.14
31/05/2010,-800,-7520000,9.4(-4.08 %),0,0,800,7520000,3910000,0.12
01/06/2010,0,0,9.2(-2.13 %),0,0,0,0,3910000,0.12
02/06/2010,500,4550000,9.1(-1.09 %),500,4550000,0,0,3909500,0.13
03/06/2010,0,0,9.4(3.30 %),0,0,0,0,3909500,0.13
04/06/2010,0,0,9.2(-2.13 %),0,0,0,0,3909500,0.13
07/06/2010,0,0,9(-2.17 %),0,0,0,0,3909500,0.13
08/06/2010,0,0,8.9(-1.11 %),0,0,0,0,3909500,0.13
09/06/2010,0,0,8.9(0.00 %),0,0,0,0,3909500,0.13
10/06/2010,0,0,9.3(4.49 %),0,0,0,0,3909500,0.13
11/06/2010,0,0,9.7(4.30 %),0,0,0,0,3909500,0.13
14/06/2010,0,0,10.1(4.12 %),0,0,0,0,3909500,0.13
15/06/2010,-500,-5300000,10.6(4.95 %),0,0,500,5300000,3910000,0.12
16/06/2010,0,0,10.1(-4.72 %),0,0,0,0,3910000,0.12
17/06/2010,0,0,9.7(-3.96 %),0,0,0,0,3910000,0.12
18/06/2010,0,0,10.1(4.12 %),0,0,0,0,3910000,0.12
21/06/2010,0,0,10.1(0.00 %),0,0,0,0,3910000,0.12
22/06/2010,0,0,9.9(-1.98 %),0,0,0,0,3910000,0.12
23/06/2010,0,0,10(1.01 %),0,0,0,0,3910000,0.12
24/06/2010,0,0,9.9(-1.00 %),0,0,0,0,3910000,0.12
25/06/2010,0,0,10.3(4.04 %),0,0,0,0,3910000,0.12
28/06/2010,0,0,10.8(4.85 %),0,0,0,0,3910000,0.12
29/06/2010,0,0,11.3(4.63 %),0,0,0,0,3910000,0.12
30/06/2010,0,0,11.8(4.42 %),0,0,0,0,3910000,0.12
01/07/2010,0,0,11.3(-4.24 %),0,0,0,0,3910000,0.12
02/07/2010,-500,-5500000,11.3(0.00 %),0,0,500,5500000,3910500,0.12
05/07/2010,2800,33100000,11.8(4.42 %),3000,35400000,200,2300000,3907700,0.15
06/07/2010,0,0,12.3(4.24 %),0,0,0,0,3907700,0.15
07/07/2010,800,10246000,12.9(4.88 %),800,10246000,0,0,3906900,0.16
08/07/2010,0,0,12.6(-2.33 %),0,0,0,0,3906900,0.16
09/07/2010,-3000,-37200000,12.2(-3.17 %),0,0,3000,37200000,3909900,0.13
12/07/2010,0,0,12.8(4.92 %),0,0,0,0,3909900,0.13
13/07/2010,0,0,12.9(0.78 %),0,0,0,0,3909900,0.13
14/07/2010,0,0,12.3(-4.65 %),0,0,0,0,3909900,0.13
15/07/2010,0,0,12.7(3.25 %),0,0,0,0,3909900,0.13
16/07/2010,0,0,12.3(-3.15 %),0,0,0,0,3909900,0.13
19/07/2010,0,0,12(-2.44 %),0,0,0,0,3909900,0.13
20/07/2010,110,1309000,11.8(-1.67 %),110,1309000,0,0,3909790,0.13
21/07/2010,0,0,12.1(2.54 %),0,0,0,0,3909790,0.13
22/07/2010,0,0,11.5(-4.96 %),0,0,0,0,3909790,0.13
23/07/2010,0,0,11(-4.35 %),0,0,0,0,3909790,0.13
26/07/2010,0,0,10.8(-1.82 %),0,0,0,0,3909790,0.13
27/07/2010,0,0,10.3(-4.63 %),0,0,0,0,3909790,0.13
28/07/2010,10,99000,10(-2.91 %),10,99000,0,0,3909780,0.13
29/07/2010,0,0,9.9(-1.00 %),0,0,0,0,3909780,0.13
30/07/2010,0,0,10.1(2.02 %),0,0,0,0,3909780,0.13
02/08/2010,0,0,9.8(-2.97 %),0,0,0,0,3909780,0.13
03/08/2010,0,0,9.8(0.00 %),0,0,0,0,3909780,0.13
04/08/2010,0,0,9.6(-2.04 %),0,0,0,0,3909780,0.13
05/08/2010,0,0,9.4(-2.08 %),0,0,0,0,3909780,0.13
06/08/2010,0,0,9.3(-1.06 %),0,0,0,0,3909780,0.13
09/08/2010,0,0,9(-3.23 %),0,0,0,0,3909780,0.13
10/08/2010,0,0,8.7(-3.33 %),0,0,0,0,3909780,0.13
11/08/2010,0,0,9(3.45 %),0,0,0,0,3909780,0.13
12/08/2010,0,0,8.6(-4.44 %),0,0,0,0,3909780,0.13
13/08/2010,0,0,8.4(-2.33 %),0,0,0,0,3909780,0.13
16/08/2010,0,0,8.8(4.76 %),0,0,0,0,3909780,0.13
17/08/2010,0,0,8.6(-2.27 %),0,0,0,0,3909780,0.13
18/08/2010,0,0,8.4(-2.33 %),0,0,0,0,3909780,0.13
19/08/2010,0,0,8.2(-2.38 %),0,0,0,0,3909780,0.13
20/08/2010,0,0,8.5(3.66 %),0,0,0,0,3909780,0.13
23/08/2010,0,0,8.1(-4.71 %),0,0,0,0,3909780,0.13
24/08/2010,0,0,7.7(-4.94 %),0,0,0,0,3909780,0.13
25/08/2010,0,0,7.4(-3.90 %),0,0,0,0,3909780,0.13
26/08/2010,0,0,7.2(-2.70 %),0,0,0,0,3909780,0.13
27/08/2010,0,0,7.3(1.39 %),0,0,0,0,3909780,0.13
30/08/2010,10,76000,7.6(4.11 %),10,76000,0,0,3909770,0.13
31/08/2010,0,0,7.9(3.95 %),0,0,0,0,3909770,0.13
01/09/2010,0,0,7.7(-2.53 %),0,0,0,0,3909770,0.13
06/09/2010,0,0,8(3.90 %),0,0,0,0,3904680,0.13
07/09/2010,0,0,8(0.00 %),0,0,0,0,3909770,0.13
08/09/2010,0,0,8(0.00 %),0,0,0,0,3909770,0.13
09/09/2010,1510,12381000,8.2(2.50 %),1510,12381000,0,0,3908260,0.15
10/09/2010,-10,-79000,7.8(-4.88 %),0,0,10,79000,3908270,0.15
13/09/2010,0,0,7.6(-2.56 %),0,0,0,0,3908270,0.15
14/09/2010,0,0,7.6(0.00 %),0,0,0,0,3908270,0.15
15/09/2010,0,0,7.5(-1.32 %),0,0,0,0,3908270,0.15
16/09/2010,0,0,7.4(-1.33 %),0,0,0,0,3908270,0.15
17/09/2010,0,0,7.7(4.05 %),0,0,0,0,3908270,0.15
20/09/2010,0,0,7.9(2.60 %),0,0,0,0,3908270,0.15
21/09/2010,0,0,7.6(-3.80 %),0,0,0,0,3908270,0.15
22/09/2010,0,0,7.6(0.00 %),0,0,0,0,3908270,0.15
23/09/2010,0,0,7.4(-2.63 %),0,0,0,0,3908270,0.15
24/09/2010,0,0,7.5(1.35 %),0,0,0,0,3908270,0.15
27/09/2010,-2410,-17834000,7.4(-1.33 %),0,0,2410,17834000,3910680,0.12
28/09/2010,0,0,7.4(0.00 %),0,0,0,0,3910680,0.12
29/09/2010,0,0,7.5(1.35 %),0,0,0,0,3910680,0.12
30/09/2010,0,0,7.3(-2.67 %),0,0,0,0,3905590,0.12
01/10/2010,0,0,7.2(-1.37 %),0,0,0,0,3905590,0.18
04/10/2010,0,0,7(-2.78 %),0,0,0,0,3905590,0.18
05/10/2010,0,0,7.1(1.43 %),0,0,0,0,3905590,0.18
06/10/2010,0,0,7.2(1.41 %),0,0,0,0,3905590,0.18
07/10/2010,0,0,7(-2.78 %),0,0,0,0,3905590,0.18
08/10/2010,0,0,7.3(4.29 %),0,0,0,0,3905590,0.18
11/10/2010,0,0,7.6(4.11 %),0,0,0,0,3905590,0.18
12/10/2010,4000,30400000,7.3(-3.95 %),4000,30400000,0,0,3901590,0.23
13/10/2010,0,0,7.3(0.00 %),0,0,0,0,3901590,0.23
14/10/2010,0,0,7.2(-1.37 %),0,0,0,0,3901590,0.23
15/10/2010,0,0,7.1(-1.39 %),0,0,0,0,3901590,0.23
18/10/2010,-4000,-28400000,7.1(0.00 %),0,0,4000,28400000,3905590,0.18
19/10/2010,0,0,7(-1.41 %),0,0,0,0,3905590,0.18
20/10/2010,0,0,6.7(-4.29 %),0,0,0,0,3905590,0.18
21/10/2010,0,0,6.4(-4.48 %),0,0,0,0,3905590,0.18
22/10/2010,0,0,6.1(-4.69 %),0,0,0,0,3905590,0.18
25/10/2010,0,0,6.3(3.28 %),0,0,0,0,3905590,0.18
26/10/2010,0,0,6.6(4.76 %),0,0,0,0,3905590,0.18
27/10/2010,0,0,6.3(-4.55 %),0,0,0,0,3905590,0.18
28/10/2010,0,0,6.2(-1.59 %),0,0,0,0,3905590,0.18
29/10/2010,0,0,6.2(0.00 %),0,0,0,0,3905590,0.18
01/11/2010,0,0,6(-3.23 %),0,0,0,0,3905590,0.18
02/11/2010,0,0,5.9(-1.67 %),0,0,0,0,3905590,0.18
03/11/2010,0,0,5.9(0.00 %),0,0,0,0,3905590,0.18
04/11/2010,0,0,5.8(-1.69 %),0,0,0,0,3905590,0.18
05/11/2010,0,0,6(3.45 %),0,0,0,0,3905590,0.18
08/11/2010,0,0,5.8(-3.33 %),0,0,0,0,3905590,0.18
09/11/2010,0,0,5.6(-3.45 %),0,0,0,0,3905590,0.18
10/11/2010,0,0,5.6(0.00 %),0,0,0,0,3905590,0.18
11/11/2010,0,0,5.4(-3.57 %),0,0,0,0,3905590,0.18
12/11/2010,0,0,5.2(-3.70 %),0,0,0,0,3905590,0.18
15/11/2010,0,0,5(-3.85 %),0,0,0,0,3905590,0.18
16/11/2010,0,0,4.8(-4.00 %),0,0,0,0,3905590,0.18
17/11/2010,0,0,4.9(2.08 %),0,0,0,0,3905590,0.18
18/11/2010,0,0,5.1(4.08 %),0,0,0,0,3905590,0.18
19/11/2010,0,0,5(-1.96 %),0,0,0,0,3905590,0.18
22/11/2010,0,0,4.9(-2.00 %),0,0,0,0,3905590,0.18
23/11/2010,0,0,5(2.04 %),0,0,0,0,3905590,0.18
24/11/2010,0,0,5(0.00 %),0,0,0,0,3905590,0.18
25/11/2010,0,0,5.1(2.00 %),0,0,0,0,3905590,0.18
26/11/2010,0,0,5.2(1.96 %),0,0,0,0,3905590,0.18
29/11/2010,0,0,5.3(1.92 %),0,0,0,0,3905590,0.18
30/11/2010,0,0,5.5(3.77 %),0,0,0,0,3905590,0.18
01/12/2010,0,0,5.4(-1.82 %),0,0,0,0,3905590,0.18
02/12/2010,0,0,5.6(3.70 %),0,0,0,0,3905590,0.18
03/12/2010,0,0,5.8(3.57 %),0,0,0,0,3905590,0.18
06/12/2010,0,0,6(3.45 %),0,0,0,0,3905590,0.18
07/12/2010,0,0,5.7(-5.00 %),0,0,0,0,3905590,0.18
08/12/2010,0,0,5.5(-3.51 %),0,0,0,0,3905590,0.18
09/12/2010,0,0,5.7(3.64 %),0,0,0,0,3905590,0.18
10/12/2010,1000,5800000,5.9(3.51 %),1000,5800000,0,0,3904590,0.19
13/12/2010,0,0,6(1.69 %),0,0,0,0,3904590,0.19
14/12/2010,0,0,5.7(-5.00 %),0,0,0,0,3904590,0.19
15/12/2010,0,0,5.7(0.00 %),0,0,0,0,3904590,0.19
16/12/2010,0,0,5.5(-3.51 %),0,0,0,0,3904590,0.19
17/12/2010,0,0,5.5(0.00 %),0,0,0,0,3904590,0.19
20/12/2010,0,0,5.4(-1.82 %),0,0,0,0,3904590,0.19
21/12/2010,9180,50508000,5.6(3.70 %),9180,50508000,0,0,3895410,0.31
22/12/2010,630,3528000,5.4(-3.57 %),630,3528000,0,0,3894780,0.32
23/12/2010,0,0,5.3(-1.85 %),0,0,0,0,3894780,0.32
24/12/2010,0,0,5.4(1.89 %),0,0,0,0,3894780,0.32
27/12/2010,0,0,5.3(-1.85 %),0,0,0,0,3894780,0.32
28/12/2010,0,0,5.5(3.77 %),0,0,0,0,3894780,0.32
29/12/2010,0,0,5.3(-3.64 %),0,0,0,0,3894780,0.32
30/12/2010,0,0,5.2(-1.89 %),0,0,0,0,3894780,0.32
31/12/2010,0,0,5.3(1.92 %),0,0,0,0,3894780,0.32
04/01/2011,-1000,-5300000,5.3(0.00 %),0,0,1000,5300000,3895780,0.3
05/01/2011,0,0,5.2(-1.89 %),0,0,0,0,3895780,0.3
06/01/2011,0,0,5.4(3.85 %),0,0,0,0,3895780,0.3
07/01/2011,0,0,5.4(0.00 %),0,0,0,0,3895780,0.3
10/01/2011,0,0,5.2(-3.70 %),0,0,0,0,3895780,0.3
11/01/2011,0,0,5(-3.85 %),0,0,0,0,3895780,0.3
12/01/2011,0,0,5.2(4.00 %),0,0,0,0,3895780,0.3
13/01/2011,0,0,5.3(1.92 %),0,0,0,0,3895780,0.3
14/01/2011,0,0,5.4(1.89 %),0,0,0,0,3895780,0.3
17/01/2011,0,0,5.3(-1.85 %),0,0,0,0,3895780,0.3
18/01/2011,0,0,5.2(-1.89 %),0,0,0,0,3895780,0.3
19/01/2011,0,0,5.2(0.00 %),0,0,0,0,3895780,0.3
20/01/2011,0,0,5.2(0.00 %),0,0,0,0,3895780,0.3
21/01/2011,0,0,5.1(-1.92 %),0,0,0,0,3895780,0.3
24/01/2011,0,0,5(-1.96 %),0,0,0,0,3895780,0.3
25/01/2011,0,0,5(0.00 %),0,0,0,0,3895780,0.3
26/01/2011,0,0,5.1(2.00 %),0,0,0,0,3895780,0.3
27/01/2011,0,0,5.1(0.00 %),0,0,0,0,3895780,0.3
28/01/2011,0,0,5.2(1.96 %),0,0,0,0,3895780,0.3
08/02/2011,0,0,5(-3.85 %),0,0,0,0,3895780,0.3
09/02/2011,0,0,5.1(2.00 %),0,0,0,0,3895780,0.3
10/02/2011,0,0,5.1(0.00 %),0,0,0,0,3895780,0.3
11/02/2011,0,0,5.1(0.00 %),0,0,0,0,3895780,0.3
14/02/2011,0,0,5(-1.96 %),0,0,0,0,3895780,0.3
15/02/2011,0,0,4.9(-2.00 %),0,0,0,0,3895780,0.3
16/02/2011,0,0,4.7(-4.08 %),0,0,0,0,3895780,0.3
17/02/2011,0,0,4.6(-2.13 %),0,0,0,0,3895780,0.3
18/02/2011,0,0,4.5(-2.17 %),0,0,0,0,3895780,0.3
21/02/2011,0,0,4.3(-4.44 %),0,0,0,0,3895780,0.3
22/02/2011,0,0,4.1(-4.65 %),0,0,0,0,3895780,0.3
23/02/2011,0,0,4.1(0.00 %),0,0,0,0,3895780,0.3
24/02/2011,0,0,3.9(-4.88 %),0,0,0,0,3895780,0.3
25/02/2011,0,0,4(2.56 %),0,0,0,0,3895780,0.3
28/02/2011,0,0,4.2(5.00 %),0,0,0,0,3895780,0.3
01/03/2011,0,0,4.2(0.00 %),0,0,0,0,3895780,0.3
02/03/2011,0,0,4.2(0.00 %),0,0,0,0,3895780,0.3
03/03/2011,0,0,4(-4.76 %),0,0,0,0,0,0.0
04/03/2011,0,0,3.9(-2.50 %),0,0,0,0,0,0.0
07/03/2011,0,0,4(2.56 %),0,0,0,0,0,0.0
08/03/2011,0,0,3.8(-5.00 %),0,0,0,0,0,0.0
09/03/2011,0,0,3.7(-2.63 %),0,0,0,0,0,0.0
10/03/2011,0,0,3.8(2.70 %),0,0,0,0,0,0.0
11/03/2011,0,0,3.9(2.63 %),0,0,0,0,0,0.0
14/03/2011,0,0,3.8(-2.56 %),0,0,0,0,0,0.0
15/03/2011,0,0,3.8(0.00 %),0,0,0,0,0,0.0
16/03/2011,0,0,3.8(0.00 %),0,0,0,0,3900870,0.24
17/03/2011,0,0,3.7(-2.63 %),0,0,0,0,3900870,0.24
18/03/2011,0,0,3.8(2.70 %),0,0,0,0,3900870,0.24
21/03/2011,0,0,3.9(2.63 %),0,0,0,0,3900870,0.24
22/03/2011,0,0,3.8(-2.56 %),0,0,0,0,3900870,0.24
23/03/2011,0,0,3.9(2.63 %),0,0,0,0,3900870,0.24
24/03/2011,0,0,4(2.56 %),0,0,0,0,3900870,0.24
25/03/2011,0,0,4.2(5.00 %),0,0,0,0,3900870,0.24
28/03/2011,0,0,4.4(4.76 %),0,0,0,0,3900870,0.24
29/03/2011,0,0,4.4(0.00 %),0,0,0,0,3900870,0.24
30/03/2011,0,0,4.2(-4.55 %),0,0,0,0,3900870,0.24
31/03/2011,0,0,4(-4.76 %),0,0,0,0,3900870,0.24
01/04/2011,0,0,4.2(5.00 %),0,0,0,0,3900870,0.24
04/04/2011,0,0,4(-4.76 %),0,0,0,0,3900870,0.24
05/04/2011,0,0,3.9(-2.50 %),0,0,0,0,3900870,0.24
06/04/2011,0,0,3.9(0.00 %),0,0,0,0,3900870,0.24
07/04/2011,0,0,3.8(-2.56 %),0,0,0,0,3900870,0.24
08/04/2011,0,0,3.8(0.00 %),0,0,0,0,3900870,0.24
13/04/2011,0,0,3.7(-2.63 %),0,0,0,0,3900870,0.24
14/04/2011,0,0,3.6(-2.70 %),0,0,0,0,3900870,0.24
15/04/2011,0,0,3.5(-2.78 %),0,0,0,0,3900870,0.24
18/04/2011,0,0,3.5(0.00 %),0,0,0,0,3900870,0.24
19/04/2011,0,0,3.5(0.00 %),0,0,0,0,3900870,0.24
20/04/2011,0,0,3.5(0.00 %),0,0,0,0,3900870,0.24
21/04/2011,0,0,3.5(0.00 %),0,0,0,0,3900870,0.24
22/04/2011,0,0,3.5(0.00 %),0,0,0,0,3900870,0.24
25/04/2011,0,0,3.5(0.00 %),0,0,0,0,3900870,0.24
26/04/2011,0,0,3.5(0.00 %),0,0,0,0,3900870,0.24
27/04/2011,0,0,3.5(0.00 %),0,0,0,0,3900870,0.24
28/04/2011,0,0,3.5(0.00 %),0,0,0,0,3900870,0.24
29/04/2011,0,0,3.5(0.00 %),0,0,0,0,3900870,0.24
04/05/2011,0,0,3.5(0.00 %),0,0,0,0,3900870,0.24
05/05/2011,0,0,3.5(0.00 %),0,0,0,0,3900870,0.24
06/05/2011,0,0,3.5(0.00 %),0,0,0,0,3900870,0.24
09/05/2011,0,0,3.5(0.00 %),0,0,0,0,3900870,0.24
10/05/2011,0,0,3.5(0.00 %),0,0,0,0,3900870,0.24
11/05/2011,0,0,3.5(0.00 %),0,0,0,0,3900870,0.24
12/05/2011,0,0,3.5(0.00 %),0,0,0,0,3900870,0.24
13/05/2011,0,0,3.4(-2.86 %),0,0,0,0,3900870,0.24
16/05/2011,0,0,3.3(-2.94 %),0,0,0,0,3900870,0.24
17/05/2011,0,0,3.2(-3.03 %),0,0,0,0,3900870,0.24
18/05/2011,0,0,3.1(-3.12 %),0,0,0,0,3900870,0.24
19/05/2011,0,0,3(-3.23 %),0,0,0,0,3900870,0.24
20/05/2011,0,0,3(0.00 %),0,0,0,0,3900870,0.24
23/05/2011,0,0,2.9(-3.33 %),0,0,0,0,3900870,0.24
24/05/2011,0,0,2.8(-3.45 %),0,0,0,0,3900870,0.24
25/05/2011,0,0,2.7(-3.57 %),0,0,0,0,3900870,0.24
26/05/2011,0,0,2.6(-3.70 %),0,0,0,0,3900870,0.24
27/05/2011,0,0,2.7(3.85 %),0,0,0,0,3900870,0.24
30/05/2011,0,0,2.6(-3.70 %),0,0,0,0,3900870,0.24
31/05/2011,0,0,2.5(-3.85 %),0,0,0,0,3900870,0.24
01/06/2011,0,0,2.4(-4.00 %),0,0,0,0,3900870,0.24
02/06/2011,0,0,2.3(-4.17 %),0,0,0,0,3900870,0.24
03/06/2011,0,0,2.2(-4.35 %),0,0,0,0,3900870,0.24
06/06/2011,0,0,2.2(0.00 %),0,0,0,0,3900870,0.24
07/06/2011,0,0,2.3(4.55 %),0,0,0,0,3900870,0.24
08/06/2011,0,0,2.3(0.00 %),0,0,0,0,3900870,0.24
09/06/2011,0,0,2.2(-4.35 %),0,0,0,0,3900870,0.24
10/06/2011,0,0,2.3(4.55 %),0,0,0,0,3900870,0.24
13/06/2011,0,0,2.4(4.35 %),0,0,0,0,3900870,0.24
14/06/2011,0,0,2.5(4.17 %),0,0,0,0,3900870,0.24
15/06/2011,0,0,2.5(0.00 %),0,0,0,0,3900870,0.24
16/06/2011,0,0,2.6(4.00 %),0,0,0,0,3900870,0.24
17/06/2011,0,0,2.5(-3.85 %),0,0,0,0,3900870,0.24
20/06/2011,0,0,2.4(-4.00 %),0,0,0,0,3900870,0.24
21/06/2011,0,0,2.3(-4.17 %),0,0,0,0,3900870,0.24
22/06/2011,0,0,2.4(4.35 %),0,0,0,0,3900870,0.24
23/06/2011,0,0,2.4(0.00 %),0,0,0,0,3900870,0.24
24/06/2011,0,0,2.5(4.17 %),0,0,0,0,3900870,0.24
27/06/2011,0,0,2.4(-4.00 %),0,0,0,0,3900870,0.24
28/06/2011,0,0,2.3(-4.17 %),0,0,0,0,3900870,0.24
29/06/2011,0,0,2.2(-4.35 %),0,0,0,0,3900870,0.24
30/06/2011,0,0,2.2(0.00 %),0,0,0,0,3900870,0.24
01/07/2011,0,0,2.1(-4.55 %),0,0,0,0,3900870,0.24
04/07/2011,0,0,2.1(0.00 %),0,0,0,0,3900870,0.24
05/07/2011,0,0,2.2(4.76 %),0,0,0,0,3900870,0.24
06/07/2011,0,0,2.1(-4.55 %),0,0,0,0,3900870,0.24
07/07/2011,0,0,2.1(0.00 %),0,0,0,0,3900870,0.24
08/07/2011,0,0,2(-4.76 %),0,0,0,0,3900870,0.24
11/07/2011,0,0,2.1(5.00 %),0,0,0,0,3900870,0.24
12/07/2011,0,0,2.2(4.76 %),0,0,0,0,3900870,0.24
13/07/2011,0,0,2.2(0.00 %),0,0,0,0,3900870,0.24
14/07/2011,0,0,2.1(-4.55 %),0,0,0,0,3900870,0.24
15/07/2011,0,0,2(-4.76 %),0,0,0,0,3900870,0.24
18/07/2011,0,0,2(0.00 %),0,0,0,0,3900870,0.24
19/07/2011,0,0,2.1(5.00 %),0,0,0,0,3900870,0.24
20/07/2011,0,0,2(-4.76 %),0,0,0,0,3900870,0.24
21/07/2011,0,0,2(0.00 %),0,0,0,0,3900870,0.24
22/07/2011,0,0,1.9(-5.00 %),0,0,0,0,3900870,0.24
25/07/2011,0,0,1.9(0.00 %),0,0,0,0,3900870,0.24
26/07/2011,0,0,2(5.26 %),0,0,0,0,3900870,0.24
27/07/2011,0,0,2(0.00 %),0,0,0,0,3900870,0.24
28/07/2011,0,0,2(0.00 %),0,0,0,0,3900870,0.24
29/07/2011,0,0,1.9(-5.00 %),0,0,0,0,3900870,0.24
01/08/2011,0,0,2(5.26 %),0,0,0,0,3900870,0.24
02/08/2011,0,0,1.9(-5.00 %),0,0,0,0,3900870,0.24
03/08/2011,0,0,1.8(-5.26 %),0,0,0,0,3900870,0.24
04/08/2011,0,0,1.9(5.56 %),0,0,0,0,3900870,0.24
05/08/2011,0,0,1.8(-5.26 %),0,0,0,0,3900870,0.24
08/08/2011,0,0,1.7(-5.56 %),0,0,0,0,3900870,0.24
09/08/2011,0,0,1.7(0.00 %),0,0,0,0,3900870,0.24
10/08/2011,0,0,1.6(-5.88 %),0,0,0,0,3900870,0.24
11/08/2011,0,0,1.7(6.25 %),0,0,0,0,3900870,0.24
12/08/2011,0,0,1.7(0.00 %),0,0,0,0,3900870,0.24
15/08/2011,0,0,1.8(5.88 %),0,0,0,0,3900870,0.24
16/08/2011,0,0,1.9(5.56 %),0,0,0,0,3900870,0.24
17/08/2011,0,0,1.9(0.00 %),0,0,0,0,3900870,0.24
18/08/2011,0,0,1.8(-5.26 %),0,0,0,0,3900870,0.24
19/08/2011,0,0,1.8(0.00 %),0,0,0,0,3900870,0.24
22/08/2011,0,0,1.9(5.56 %),0,0,0,0,3900870,0.24
23/08/2011,0,0,1.9(0.00 %),0,0,0,0,3900870,0.24
24/08/2011,0,0,1.9(0.00 %),0,0,0,0,3900870,0.24
25/08/2011,0,0,2(5.26 %),0,0,0,0,3900870,0.24
26/08/2011,0,0,1.9(-5.00 %),0,0,0,0,3900870,0.24
29/08/2011,0,0,1.8(-5.26 %),0,0,0,0,3900870,0.24
30/08/2011,0,0,1.8(0.00 %),0,0,0,0,3900870,0.24
31/08/2011,0,0,1.7(-5.56 %),0,0,0,0,3900870,0.24
01/09/2011,0,0,1.7(0.00 %),0,0,0,0,3900870,0.24
05/09/2011,0,0,1.6(-5.88 %),0,0,0,0,3900870,0.24
06/09/2011,0,0,1.6(0.00 %),0,0,0,0,3900870,0.24
07/09/2011,0,0,1.7(6.25 %),0,0,0,0,3900870,0.24
08/09/2011,0,0,1.8(5.88 %),0,0,0,0,3900870,0.24
09/09/2011,0,0,1.7(-5.56 %),0,0,0,0,3900870,0.24
12/09/2011,0,0,1.7(0.00 %),0,0,0,0,3900870,0.24
13/09/2011,0,0,1.8(5.88 %),0,0,0,0,3900870,0.24
14/09/2011,0,0,1.9(5.56 %),0,0,0,0,3900870,0.24
15/09/2011,0,0,1.9(0.00 %),0,0,0,0,3900870,0.24
16/09/2011,0,0,1.8(-5.26 %),0,0,0,0,3900870,0.24
19/09/2011,0,0,1.7(-5.56 %),0,0,0,0,3900870,0.24
20/09/2011,0,0,1.6(-5.88 %),0,0,0,0,3900870,0.24
21/09/2011,0,0,1.5(-6.25 %),0,0,0,0,3900870,0.24
22/09/2011,0,0,1.5(0.00 %),0,0,0,0,3900870,0.24
23/09/2011,0,0,1.5(0.00 %),0,0,0,0,3900870,0.24
26/09/2011,0,0,1.6(6.67 %),0,0,0,0,3900870,0.24
27/09/2011,0,0,1.5(-6.25 %),0,0,0,0,3900870,0.24
28/09/2011,0,0,1.6(6.67 %),0,0,0,0,3900870,0.24
29/09/2011,0,0,1.5(-6.25 %),0,0,0,0,3900870,0.24
30/09/2011,0,0,1.5(0.00 %),0,0,0,0,3900870,0.24
03/10/2011,0,0,1.4(-6.67 %),0,0,0,0,3900870,0.24
04/10/2011,0,0,1.5(7.14 %),0,0,0,0,3900870,0.24
05/10/2011,0,0,1.5(0.00 %),0,0,0,0,3900870,0.24
06/10/2011,0,0,1.5(0.00 %),0,0,0,0,3900870,0.24
07/10/2011,0,0,1.5(0.00 %),0,0,0,0,3900870,0.24
10/10/2011,0,0,1.5(0.00 %),0,0,0,0,3900870,0.24
11/10/2011,0,0,1.4(-6.67 %),0,0,0,0,3900870,0.24
12/10/2011,0,0,1.4(0.00 %),0,0,0,0,3900870,0.24
13/10/2011,0,0,1.5(7.14 %),0,0,0,0,3900870,0.24
14/10/2011,0,0,1.4(-6.67 %),0,0,0,0,3900870,0.24
17/10/2011,0,0,1.4(0.00 %),0,0,0,0,3900870,0.24
18/10/2011,0,0,1.3(-7.14 %),0,0,0,0,3900870,0.24
19/10/2011,0,0,1.4(7.69 %),0,0,0,0,3900870,0.24
20/10/2011,0,0,1.4(0.00 %),0,0,0,0,3900870,0.24
21/10/2011,0,0,1.5(7.14 %),0,0,0,0,3900870,0.24
24/10/2011,0,0,1.5(0.00 %),0,0,0,0,3900870,0.24
25/10/2011,0,0,1.4(-6.67 %),0,0,0,0,3900870,0.24
26/10/2011,0,0,1.5(7.14 %),0,0,0,0,3900870,0.24
27/10/2011,0,0,1.4(-6.67 %),0,0,0,0,3900870,0.24
28/10/2011,0,0,1.5(7.14 %),0,0,0,0,3900870,0.24
31/10/2011,0,0,1.4(-6.67 %),0,0,0,0,3900870,0.24
01/11/2011,0,0,1.4(0.00 %),0,0,0,0,3900870,0.24
02/11/2011,0,0,1.4(0.00 %),0,0,0,0,3900870,0.24
03/11/2011,0,0,1.3(-7.14 %),0,0,0,0,3900870,0.24
04/11/2011,0,0,1.4(7.69 %),0,0,0,0,3900870,0.24
07/11/2011,380,494000,1.3(-7.14 %),380,494000,0,0,3900490,0.24
08/11/2011,0,0,1.4(7.69 %),0,0,0,0,3900490,0.24
09/11/2011,0,0,1.3(-7.14 %),0,0,0,0,3900490,0.24
10/11/2011,0,0,1.2(-7.69 %),0,0,0,0,3900490,0.24
11/11/2011,-3190,-3509000,1.1(-8.33 %),0,0,3190,3509000,3903680,0.2
14/11/2011,0,0,1(-9.09 %),0,0,0,0,3903680,0.2
15/11/2011,-3000,-3000000,1(0.00 %),0,0,3000,3000000,3906680,0.17
16/11/2011,-4000,-4000000,1(0.00 %),0,0,4000,4000000,3910680,0.12
17/11/2011,0,0,0.9(-10.00 %),0,0,0,0,3910680,0.12
18/11/2011,0,0,0.9(0.00 %),0,0,0,0,3910680,0.12
21/11/2011,0,0,0.8(-11.11 %),0,0,0,0,3910680,0.12
22/11/2011,0,0,0.7(-12.50 %),0,0,0,0,3910680,0.12
23/11/2011,0,0,0.7(0.00 %),0,0,0,0,3910680,0.12
24/11/2011,0,0,0.6(-14.29 %),0,0,0,0,3910680,0.12
25/11/2011,0,0,0.7(16.67 %),0,0,0,0,3910680,0.12
28/11/2011,0,0,0.8(14.29 %),0,0,0,0,3910680,0.12
29/11/2011,0,0,0.9(12.50 %),0,0,0,0,3910680,0.12
30/11/2011,116150,104535000,0.9(0.00 %),116150,104535000,0,0,3794530,1.57
01/12/2011,29700,29700000,1(11.11 %),30000,30000000,300,300000,3794530,1.57
02/12/2011,0,0,1.1(10.00 %),0,0,0,0,3794530,1.57
05/12/2011,0,0,1.2(9.09 %),0,0,0,0,3794530,1.57
06/12/2011,-75000,-97500000,1.3(8.33 %),0,0,75000,97500000,3869530,0.63
07/12/2011,-25000,-30000000,1.2(-7.69 %),0,0,25000,30000000,3894530,0.32
08/12/2011,0,0,1.1(-8.33 %),0,0,0,0,3894530,0.32
09/12/2011,0,0,1(-9.09 %),0,0,0,0,3894530,0.32
12/12/2011,0,0,0.9(-10.00 %),0,0,0,0,3894530,0.32
13/12/2011,0,0,0.8(-11.11 %),0,0,0,0,3894530,0.32
14/12/2011,0,0,0.8(0.00 %),0,0,0,0,3894530,0.32
15/12/2011,0,0,0.9(12.50 %),0,0,0,0,3894530,0.32
16/12/2011,0,0,1(11.11 %),0,0,0,0,3894530,0.32
19/12/2011,0,0,0.9(-10.00 %),0,0,0,0,3894530,0.32
20/12/2011,0,0,0.9(0.00 %),0,0,0,0,3894530,0.32
21/12/2011,0,0,0.8(-11.11 %),0,0,0,0,3894530,0.32
22/12/2011,0,0,0.9(12.50 %),0,0,0,0,3894530,0.32
23/12/2011,0,0,0.9(0.00 %),0,0,0,0,3894530,0.32
26/12/2011,0,0,0.8(-11.11 %),0,0,0,0,3894530,0.32
27/12/2011,0,0,0.7(-12.50 %),0,0,0,0,3894530,0.32
28/12/2011,0,0,0.8(14.29 %),0,0,0,0,3894530,0.32
29/12/2011,0,0,0.8(0.00 %),0,0,0,0,3894530,0.32
30/12/2011,0,0,0.9(12.50 %),0,0,0,0,3894530,0.32
03/01/2012,0,0,0.8(-11.11 %),0,0,0,0,3864830,0.69
04/01/2012,0,0,0.8(0.00 %),0,0,0,0,3864830,0.69
05/01/2012,0,0,0.8(0.00 %),0,0,0,0,3864830,0.69
06/01/2012,0,0,0.7(-12.50 %),0,0,0,0,3864830,0.69
09/01/2012,0,0,0.8(14.29 %),0,0,0,0,3864830,0.69
10/01/2012,0,0,0.8(0.00 %),0,0,0,0,3864830,0.69
11/01/2012,0,0,0.7(-12.50 %),0,0,0,0,3864830,0.69
12/01/2012,0,0,0.8(14.29 %),0,0,0,0,3864830,0.69
13/01/2012,0,0,0.9(12.50 %),0,0,0,0,3864830,0.69
16/01/2012,0,0,0.9(0.00 %),0,0,0,0,3864830,0.69
17/01/2012,0,0,0.8(-11.11 %),0,0,0,0,3864830,0.69
18/01/2012,0,0,0.8(0.00 %),0,0,0,0,3864830,0.69
19/01/2012,0,0,0.8(0.00 %),0,0,0,0,3864830,0.69
20/01/2012,0,0,0.7(-12.50 %),0,0,0,0,3864830,0.69
30/01/2012,0,0,0.7(0.00 %),0,0,0,0,3864830,0.69
31/01/2012,0,0,0.7(0.00 %),0,0,0,0,3864830,0.69
01/02/2012,0,0,0.7(0.00 %),0,0,0,0,3864830,0.69
02/02/2012,0,0,0.8(14.29 %),0,0,0,0,3864830,0.69
03/02/2012,0,0,0.7(-12.50 %),0,0,0,0,3864830,0.69
06/02/2012,0,0,0.7(0.00 %),0,0,0,0,3864830,0.69
07/02/2012,0,0,0.6(-14.29 %),0,0,0,0,3864830,0.69
08/02/2012,0,0,0.6(0.00 %),0,0,0,0,3864830,0.69
09/02/2012,0,0,0.6(0.00 %),0,0,0,0,3864830,0.69
10/02/2012,0,0,0.6(0.00 %),0,0,0,0,3864830,0.69
13/02/2012,0,0,0.6(0.00 %),0,0,0,0,3864830,0.69
14/02/2012,0,0,0.5(-16.67 %),0,0,0,0,3864830,0.69
15/02/2012,0,0,0.6(20.00 %),0,0,0,0,3864830,0.69
16/02/2012,0,0,0.7(16.67 %),0,0,0,0,3864830,0.69
17/02/2012,0,0,0.6(-14.29 %),0,0,0,0,3864830,0.69
20/02/2012,0,0,0.7(16.67 %),0,0,0,0,3864830,0.69
21/02/2012,0,0,0.6(-14.29 %),0,0,0,0,3864830,0.69
22/02/2012,0,0,0.7(16.67 %),0,0,0,0,3864830,0.69
23/02/2012,0,0,0.7(0.00 %),0,0,0,0,3864830,0.69
24/02/2012,0,0,0.7(0.00 %),0,0,0,0,3864830,0.69
27/02/2012,0,0,0.7(0.00 %),0,0,0,0,3864830,0.69
28/02/2012,0,0,0.6(-14.29 %),0,0,0,0,3864830,0.69
29/02/2012,0,0,0.6(0.00 %),0,0,0,0,3864830,0.69
01/03/2012,0,0,0.6(0.00 %),0,0,0,0,3864830,0.69
02/03/2012,0,0,0.7(16.67 %),0,0,0,0,3864830,0.69
05/03/2012,0,0,0.8(14.29 %),0,0,0,0,3864830,0.69
06/03/2012,0,0,0.7(-12.50 %),0,0,0,0,3864830,0.69
07/03/2012,0,0,0.8(14.29 %),0,0,0,0,3864830,0.69
08/03/2012,0,0,0.7(-12.50 %),0,0,0,0,3864830,0.69
09/03/2012,0,0,0.7(0.00 %),0,0,0,0,3864830,0.69
12/03/2012,0,0,0.7(0.00 %),0,0,0,0,3864830,0.69
13/03/2012,0,0,0.7(0.00 %),0,0,0,0,3864830,0.69
14/03/2012,0,0,0.7(0.00 %),0,0,0,0,3864830,0.69
15/03/2012,0,0,0.8(14.29 %),0,0,0,0,3864830,0.69
16/03/2012,0,0,0.8(0.00 %),0,0,0,0,3864830,0.69
19/03/2012,0,0,0.7(-12.50 %),0,0,0,0,3864830,0.69
20/03/2012,0,0,0.8(14.29 %),0,0,0,0,3864830,0.69
21/03/2012,0,0,0.8(0.00 %),0,0,0,0,3864830,0.69
22/03/2012,0,0,0.8(0.00 %),0,0,0,0,3864830,0.69
23/03/2012,0,0,0.8(0.00 %),0,0,0,0,3864830,0.69
26/03/2012,0,0,0.8(0.00 %),0,0,0,0,3864830,0.69
27/03/2012,0,0,0.7(-12.50 %),0,0,0,0,3864830,0.69
28/03/2012,0,0,0.7(0.00 %),0,0,0,0,3864830,0.69
29/03/2012,0,0,0.8(14.29 %),0,0,0,0,3864830,0.69
30/03/2012,0,0,0.7(-12.50 %),0,0,0,0,3864830,0.69
03/04/2012,0,0,0.7(0.00 %),0,0,0,0,3864830,0.69
04/04/2012,0,0,0.7(0.00 %),0,0,0,0,3864830,0.69
05/04/2012,0,0,0.6(-14.29 %),0,0,0,0,3864830,0.69
06/04/2012,0,0,0.7(16.67 %),0,0,0,0,3864830,0.69
09/04/2012,0,0,0.7(0.00 %),0,0,0,0,3864830,0.69
10/04/2012,0,0,0.7(0.00 %),0,0,0,0,3864830,0.69
11/04/2012,0,0,0.7(0.00 %),0,0,0,0,3864830,0.69
12/04/2012,0,0,0.7(0.00 %),0,0,0,0,3864830,0.69
13/04/2012,0,0,0.7(0.00 %),0,0,0,0,3864830,0.69
16/04/2012,20000,16000000,0.8(14.29 %),20000,16000000,0,0,3844830,0.94
17/04/2012,0,0,0.9(12.50 %),0,0,0,0,3844830,0.94
18/04/2012,0,0,0.9(0.00 %),0,0,0,0,3844830,0.94
19/04/2012,0,0,0.8(-11.11 %),0,0,0,0,3844830,0.94
20/04/2012,0,0,0.9(12.50 %),0,0,0,0,3844830,0.94
23/04/2012,0,0,0.8(-11.11 %),0,0,0,0,3844830,0.94
24/04/2012,20000,14000000,0.7(-12.50 %),20000,14000000,0,0,3824830,1.19
25/04/2012,27570,22056000,0.8(14.29 %),27570,22056000,0,0,3797260,1.53
26/04/2012,56000,50400000,0.9(12.50 %),56000,50400000,0,0,3741260,2.23
27/04/2012,0,0,1(11.11 %),0,0,0,0,3741260,2.23
02/05/2012,10000,10000000,1(0.00 %),10000,10000000,0,0,3731260,2.36
03/05/2012,20000,20000000,1(0.00 %),20000,20000000,0,0,3711260,2.61
04/05/2012,-30000,-30000000,1(0.00 %),0,0,30000,30000000,3741260,2.23
07/05/2012,0,0,1(0.00 %),0,0,0,0,3741260,2.23
08/05/2012,0,0,0.9(-10.00 %),0,0,0,0,3741260,2.23
09/05/2012,0,0,0.8(-11.11 %),0,0,0,0,3741260,2.23
10/05/2012,0,0,0.9(12.50 %),0,0,0,0,3741260,2.23
11/05/2012,0,0,1(11.11 %),0,0,0,0,3741260,2.23
14/05/2012,0,0,0.9(-10.00 %),0,0,0,0,3741260,2.23
15/05/2012,0,0,0.9(0.00 %),0,0,0,0,3741260,2.23
16/05/2012,149920,119936000,0.8(-11.11 %),149920,119936000,0,0,3591340,4.11
17/05/2012,0,0,0.7(-12.50 %),0,0,0,0,3591340,4.11
18/05/2012,0,0,0.8(14.29 %),0,0,0,0,3591340,4.11
21/05/2012,0,0,0.9(12.50 %),0,0,0,0,3591340,4.11
22/05/2012,0,0,1(11.11 %),0,0,0,0,3591340,4.11
23/05/2012,0,0,0.9(-10.00 %),0,0,0,0,3591340,4.11
24/05/2012,0,0,0.8(-11.11 %),0,0,0,0,3591340,4.11
25/05/2012,0,0,0.7(-12.50 %),0,0,0,0,3591340,4.11
28/05/2012,0,0,0.7(0.00 %),0,0,0,0,3591340,4.11
29/05/2012,0,0,0.7(0.00 %),0,0,0,0,3591340,4.11
30/05/2012,0,0,0.8(14.29 %),0,0,0,0,3591340,4.11
31/05/2012,0,0,0.8(0.00 %),0,0,0,0,3591340,4.11
01/06/2012,0,0,0.9(12.50 %),0,0,0,0,3591340,4.11
04/06/2012,0,0,0.8(-11.11 %),0,0,0,0,3591340,4.11
05/06/2012,0,0,0.9(12.50 %),0,0,0,0,3591340,4.11
06/06/2012,0,0,0.9(0.00 %),0,0,0,0,3591340,4.11
07/06/2012,0,0,1(11.11 %),0,0,0,0,3591340,4.11
08/06/2012,0,0,1(0.00 %),0,0,0,0,3591340,4.11
11/06/2012,0,0,1(0.00 %),0,0,0,0,3591340,4.11
12/06/2012,0,0,0.9(-10.00 %),0,0,0,0,3591340,4.11
13/06/2012,0,0,0.9(0.00 %),0,0,0,0,3591340,4.11
14/06/2012,0,0,0.9(0.00 %),0,0,0,0,3591340,4.11
15/06/2012,0,0,0.9(0.00 %),0,0,0,0,3591340,4.11
18/06/2012,0,0,0.9(0.00 %),0,0,0,0,3591340,4.11
19/06/2012,0,0,0.8(-11.11 %),0,0,0,0,3591340,4.11
20/06/2012,0,0,0.8(0.00 %),0,0,0,0,3591340,4.11
21/06/2012,0,0,0.9(12.50 %),0,0,0,0,3591340,4.11
22/06/2012,0,0,0.9(0.00 %),0,0,0,0,3591340,4.11
15/11/2013,0,0,1.2(33.33 %),0,0,0,0,3591340,2.05
18/11/2013,0,0,1.3(8.33 %),0,0,0,0,3591340,4.11
19/11/2013,0,0,1.4(7.69 %),0,0,0,0,3591340,4.11
20/11/2013,0,0,1.5(7.14 %),0,0,0,0,3591340,4.11
21/11/2013,0,0,1.6(6.67 %),0,0,0,0,3591340,4.11
22/11/2013,0,0,1.7(6.25 %),0,0,0,0,3591340,4.11
25/11/2013,0,0,1.7(6.25 %),0,0,0,0,3591340,4.11
26/11/2013,13800,23460000,1.7(6.25 %),13800,23460000,0,0,3577540,4.28
27/11/2013,0,0,0(0.00 %),0,0,0,0,3577540,4.28
28/11/2013,0,0,1.6(-5.88 %),0,0,0,0,3577540,4.28
29/11/2013,-70000,-110000000,1.7(6.25 %),0,0,70000,110000000,3647540,3.41
02/12/2013,-102000,-155320000,1.5(-6.25 %),0,0,102000,155320000,3591340,4.11
03/12/2013,0,0,1.6(6.67 %),0,0,0,0,3591340,4.11
04/12/2013,0,0,1.5(0.00 %),0,0,0,0,3591340,4.11
05/12/2013,-10000,-14000000,1.5(0.00 %),0,0,10000,14000000,3601340,3.98
06/12/2013,0,0,1.5(7.14 %),0,0,0,0,3601340,3.98
09/12/2013,0,0,1.5(0.00 %),0,0,0,0,3601340,3.98
10/12/2013,-10000,-14000000,1.5(0.00 %),0,0,10000,14000000,3611340,3.86
11/12/2013,0,0,1.5(7.14 %),0,0,0,0,3611340,3.86
12/12/2013,0,0,1.5(0.00 %),0,0,0,0,3611340,3.86
13/12/2013,0,0,1.5(0.00 %),0,0,0,0,3611340,3.86
16/12/2013,0,0,1.6(6.67 %),0,0,0,0,3611340,3.86
17/12/2013,0,0,1.6(6.67 %),0,0,0,0,3611340,3.86
18/12/2013,0,0,1.6(0.00 %),0,0,0,0,3611340,3.86
19/12/2013,0,0,1.6(0.00 %),0,0,0,0,3611340,3.86
20/12/2013,0,0,1.5(0.00 %),0,0,0,0,3611340,3.86
23/12/2013,0,0,1.5(7.14 %),0,0,0,0,3611340,3.86
24/12/2013,-20000,-28000000,1.5(0.00 %),0,0,20000,28000000,3631340,3.61
25/12/2013,50000,75000000,1.5(7.14 %),50000,75000000,0,0,3581340,4.23
26/12/2013,0,0,1.6(6.67 %),0,0,0,0,3581340,4.23
27/12/2013,0,0,0(0.00 %),0,0,0,0,3581340,4.23
30/12/2013,0,0,1.5(0.00 %),0,0,0,0,3581340,4.23
31/12/2013,0,0,1.6(6.67 %),0,0,0,0,3581340,4.23
02/01/2014,0,0,1.6(6.67 %),0,0,0,0,3591340,4.11
03/01/2014,0,0,1.5(0.00 %),0,0,0,0,3591340,4.11
06/01/2014,0,0,1.6(6.67 %),0,0,0,0,3591340,4.11
07/01/2014,0,0,1.6(6.67 %),0,0,0,0,3591340,4.11
08/01/2014,0,0,1.6(0.00 %),0,0,0,0,3591340,4.11
09/01/2014,0,0,1.7(6.25 %),0,0,0,0,3591340,4.11
10/01/2014,0,0,1.7(6.25 %),0,0,0,0,3591340,4.11
13/01/2014,0,0,1.8(5.88 %),0,0,0,0,3591340,4.11
14/01/2014,0,0,1.7(-5.56 %),0,0,0,0,3591340,4.11
15/01/2014,0,0,2(5.26 %),0,0,0,0,3591340,4.11
16/01/2014,0,0,2.2(10.00 %),0,0,0,0,3591340,4.11
17/01/2014,0,0,2.2(0.00 %),0,0,0,0,3591340,4.11
20/01/2014,0,0,2.1(-8.70 %),0,0,0,0,3591340,4.11
21/01/2014,0,0,1.9(-9.52 %),0,0,0,0,3591340,4.11
22/01/2014,0,0,1.8(-5.26 %),0,0,0,0,3591340,4.11
23/01/2014,-20000,-34000000,1.9(5.56 %),0,0,20000,34000000,3611340,3.86
24/01/2014,0,0,1.8(5.88 %),0,0,0,0,3611340,3.86
27/01/2014,-1800,-3060000,1.7(6.25 %),0,0,1800,3060000,3613140,3.84
06/02/2014,0,0,1.8(5.88 %),0,0,0,0,3591340,4.11
07/02/2014,0,0,1.9(5.56 %),0,0,0,0,3591340,4.11
10/02/2014,0,0,1.9(5.56 %),0,0,0,0,3591340,4.11
11/02/2014,0,0,1.8(5.88 %),0,0,0,0,3591340,4.11
12/02/2014,0,0,1.9(5.56 %),0,0,0,0,3591340,4.11
13/02/2014,-40000,-68150000,1.8(0.00 %),0,0,40000,68150000,3631340,3.61
14/02/2014,0,0,1.7(0.00 %),0,0,0,0,3631340,3.61
17/02/2014,-111400,-178240000,1.7(0.00 %),0,0,111400,178240000,3742740,2.22
18/02/2014,0,0,1.7(6.25 %),0,0,0,0,3742740,2.22
19/02/2014,0,0,1.8(5.88 %),0,0,0,0,3742740,2.22
20/02/2014,0,0,1.7(0.00 %),0,0,0,0,3742740,2.22
21/02/2014,0,0,1.8(5.88 %),0,0,0,0,3742740,2.22
24/02/2014,0,0,1.7(0.00 %),0,0,0,0,3742740,2.22
25/02/2014,0,0,1.7(0.00 %),0,0,0,0,3742740,2.22
26/02/2014,-40,-68000,1.8(5.88 %),0,0,40,68000,3742780,2.22
27/02/2014,0,0,1.8(0.00 %),0,0,0,0,3742780,2.22
28/02/2014,0,0,1.7(-5.56 %),0,0,0,0,3742780,2.22
03/03/2014,0,0,1.8(5.88 %),0,0,0,0,3742780,2.22
04/03/2014,0,0,1.7(0.00 %),0,0,0,0,3742780,2.22
05/03/2014,0,0,1.8(5.88 %),0,0,0,0,3742780,2.22
06/03/2014,0,0,1.7(-5.56 %),0,0,0,0,3742780,2.22
07/03/2014,0,0,1.7(0.00 %),0,0,0,0,3742780,2.22
10/03/2014,0,0,1.7(0.00 %),0,0,0,0,3742780,2.22
11/03/2014,0,0,1.6(-5.88 %),0,0,0,0,0,49.0
12/03/2014,0,0,1.7(0.00 %),0,0,0,0,0,49.0
13/03/2014,0,0,1.6(-5.88 %),0,0,0,0,0,49.0
14/03/2014,0,0,1.7(6.25 %),0,0,0,0,0,49.0
17/03/2014,0,0,1.8(5.88 %),0,0,0,0,0,49.0
18/03/2014,0,0,1.7(-5.56 %),0,0,0,0,0,49.0
19/03/2014,0,0,1.8(0.00 %),0,0,0,0,0,49.0
20/03/2014,0,0,1.9(5.56 %),0,0,0,0,0,49.0
21/03/2014,0,0,2(5.26 %),0,0,0,0,0,49.0
24/03/2014,0,0,2.2(10.00 %),0,0,0,0,0,49.0
25/03/2014,0,0,2.4(9.09 %),0,0,0,0,0,49.0
26/03/2014,0,0,2.5(4.17 %),0,0,0,0,0,49.0
27/03/2014,0,0,2.5(-3.85 %),0,0,0,0,0,49.0
28/03/2014,0,0,2.5(4.17 %),0,0,0,0,0,49.0
31/03/2014,0,0,2.4(0.00 %),0,0,0,0,0,49.0
01/04/2014,0,0,2.3(-4.17 %),0,0,0,0,0,49.0
02/04/2014,0,0,2.2(-4.35 %),0,0,0,0,0,49.0
03/04/2014,0,0,2.4(9.09 %),0,0,0,0,0,49.0
04/04/2014,0,0,2.3(0.00 %),0,0,0,0,0,49.0
07/04/2014,0,0,2.2(0.00 %),0,0,0,0,0,49.0
08/04/2014,0,0,2.2(4.76 %),0,0,0,0,0,49.0
10/04/2014,10,23000,2.2(0.00 %),10,23000,0,0,0,49.0
11/04/2014,0,0,2.2(0.00 %),0,0,0,0,0,49.0
14/04/2014,0,0,2.1(0.00 %),0,0,0,0,0,49.0
15/04/2014,0,0,2.1(-4.55 %),0,0,0,0,0,49.0
16/04/2014,0,0,1.9(-9.52 %),0,0,0,0,0,49.0
17/04/2014,0,0,2(5.26 %),0,0,0,0,0,49.0
18/04/2014,0,0,1.9(-5.00 %),0,0,0,0,0,49.0
21/04/2014,0,0,1.9(0.00 %),0,0,0,0,0,49.0
22/04/2014,0,0,1.9(5.56 %),0,0,0,0,0,49.0
23/04/2014,0,0,2(5.26 %),0,0,0,0,0,49.0
24/04/2014,0,0,1.8(0.00 %),0,0,0,0,0,49.0
25/04/2014,0,0,1.9(5.56 %),0,0,0,0,0,49.0
28/04/2014,0,0,2(5.26 %),0,0,0,0,0,49.0
29/04/2014,0,0,2.1(5.00 %),0,0,0,0,0,49.0
06/05/2014,0,0,1.8(0.00 %),0,0,0,0,0,49.0
07/05/2014,0,0,1.8(5.88 %),0,0,0,0,0,49.0
08/05/2014,0,0,1.6(-5.88 %),0,0,0,0,0,49.0
09/05/2014,0,0,1.7(6.25 %),0,0,0,0,0,49.0
12/05/2014,0,0,1.7(0.00 %),0,0,0,0,0,49.0
13/05/2014,0,0,1.6(0.00 %),0,0,0,0,0,49.0
14/05/2014,0,0,1.6(0.00 %),0,0,0,0,0,49.0
15/05/2014,0,0,1.6(0.00 %),0,0,0,0,0,49.0
16/05/2014,0,0,1.6(0.00 %),0,0,0,0,0,49.0
19/05/2014,0,0,1.6(6.67 %),0,0,0,0,0,49.0
20/05/2014,0,0,1.5(-6.25 %),0,0,0,0,0,49.0
21/05/2014,0,0,1.6(0.00 %),0,0,0,0,0,49.0
22/05/2014,0,0,1.5(0.00 %),0,0,0,0,0,49.0
23/05/2014,0,0,1.5(-6.25 %),0,0,0,0,0,49.0
26/05/2014,0,0,1.6(6.67 %),0,0,0,0,3912770,0.09
27/05/2014,0,0,1.6(6.67 %),0,0,0,0,3912770,0.09
28/05/2014,0,0,1.5(7.14 %),0,0,0,0,3912770,0.09
29/05/2014,0,0,1.5(7.14 %),0,0,0,0,3912770,9.04
30/05/2014,0,0,1.6(6.67 %),0,0,0,0,3912770,9.04
02/06/2014,0,0,1.5(-6.25 %),0,0,0,0,3912770,0.09
03/06/2014,0,0,1.5(-6.25 %),0,0,0,0,3912770,9.04
04/06/2014,0,0,1.4(-6.67 %),0,0,0,0,3912770,9.04
05/06/2014,0,0,1.4(0.00 %),0,0,0,0,3912770,9.04
06/06/2014,0,0,1.4(7.69 %),0,0,0,0,3912770,0.09
09/06/2014,0,0,1.4(0.00 %),0,0,0,0,3912770,0.09
11/06/2014,0,0,1.3(0.00 %),0,0,0,0,3912770,0.09
12/06/2014,0,0,1.4(7.69 %),0,0,0,0,3912770,0.09
13/06/2014,0,0,1.3(0.00 %),0,0,0,0,3912770,0.09
16/06/2014,0,0,1.4(7.69 %),0,0,0,0,3912770,0.09
17/06/2014,0,0,1.5(7.14 %),0,0,0,0,3912770,0.09
18/06/2014,0,0,1.6(6.67 %),0,0,0,0,3912770,0.09
19/06/2014,0,0,1.5(-6.25 %),0,0,0,0,3912770,0.09
20/06/2014,0,0,1.5(0.00 %),0,0,0,0,3912770,0.09
23/06/2014,0,0,1.5(7.14 %),0,0,0,0,3912770,0.09
24/06/2014,0,0,1.5(0.00 %),0,0,0,0,3912770,0.09
25/06/2014,0,0,1.4(0.00 %),0,0,0,0,3912770,0.09
26/06/2014,0,0,1.5(7.14 %),0,0,0,0,3912770,0.09
27/06/2014,0,0,1.4(-6.67 %),0,0,0,0,3912770,0.09
01/07/2014,0,0,1.6(6.67 %),0,0,0,0,3912770,0.09
02/07/2014,0,0,1.7(6.25 %),0,0,0,0,3912770,0.09
04/07/2014,0,0,1.8(0.00 %),0,0,0,0,3912770,0.09
07/07/2014,0,0,1.8(0.00 %),0,0,0,0,3912770,0.09
08/07/2014,0,0,1.7(-5.56 %),0,0,0,0,3912770,0.09
09/07/2014,0,0,1.8(5.88 %),0,0,0,0,3912770,0.09
11/07/2014,0,0,1.7(0.00 %),0,0,0,0,3912770,0.09
14/07/2014,0,0,1.8(5.88 %),0,0,0,0,3912770,0.09
15/07/2014,0,0,1.7(-5.56 %),0,0,0,0,3912770,0.09
16/07/2014,0,0,1.7(0.00 %),0,0,0,0,3912770,0.09
17/07/2014,0,0,1.6(0.00 %),0,0,0,0,3912770,0.09
18/07/2014,0,0,1.6(0.00 %),0,0,0,0,3912770,0.09
21/07/2014,0,0,1.6(0.00 %),0,0,0,0,3912770,0.09
22/07/2014,0,0,1.5(-6.25 %),0,0,0,0,3912770,0.09
23/07/2014,0,0,1.7(6.25 %),0,0,0,0,3912770,0.09
24/07/2014,0,0,1.6(-5.88 %),0,0,0,0,3912770,0.09
25/07/2014,0,0,1.5(-6.25 %),0,0,0,0,3912770,0.09
29/07/2014,0,0,1.5(-6.25 %),0,0,0,0,3912770,0.09
30/07/2014,0,0,1.6(6.67 %),0,0,0,0,3912770,0.09
31/07/2014,0,0,1.6(0.00 %),0,0,0,0,3912770,0.09
01/08/2014,0,0,1.6(0.00 %),0,0,0,0,3912770,0.09
04/08/2014,0,0,1.5(-6.25 %),0,0,0,0,3912770,0.09
06/08/2014,0,0,1.6(0.00 %),0,0,0,0,3912770,0.09
07/08/2014,0,0,1.5(-6.25 %),0,0,0,0,3912770,0.09
08/08/2014,0,0,1.6(6.67 %),0,0,0,0,3912770,0.09
11/08/2014,0,0,1.6(0.00 %),0,0,0,0,3912770,0.09
12/08/2014,0,0,1.6(0.00 %),0,0,0,0,3912770,0.09
13/08/2014,0,0,1.6(6.67 %),0,0,0,0,3912770,0.09
15/08/2014,0,0,1.6(6.67 %),0,0,0,0,3912770,0.09
18/08/2014,0,0,1.6(0.00 %),0,0,0,0,3912770,0.09
19/08/2014,0,0,1.5(-6.25 %),0,0,0,0,3912770,0.09
20/08/2014,0,0,1.5(0.00 %),0,0,0,0,3912770,0.09
21/08/2014,0,0,1.5(-6.25 %),0,0,0,0,3912770,0.09
26/08/2014,0,0,1.5(7.14 %),0,0,0,0,3912770,0.09
29/08/2014,0,0,1.5(0.00 %),0,0,0,0,3912770,0.09
04/09/2014,0,0,1.4(-6.67 %),0,0,0,0,3912770,0.09
05/09/2014,0,0,1.5(7.14 %),0,0,0,0,3912770,0.09
10/09/2014,0,0,1.7(6.25 %),0,0,0,0,3912770,0.09
11/09/2014,0,0,1.6(0.00 %),0,0,0,0,3912770,0.09
12/09/2014,0,0,1.7(6.25 %),0,0,0,0,3912770,0.09
15/09/2014,0,0,1.7(6.25 %),0,0,0,0,3912770,0.09
16/09/2014,0,0,1.8(5.88 %),0,0,0,0,3912770,0.09
17/09/2014,0,0,1.8(0.00 %),0,0,0,0,3912770,0.09
18/09/2014,0,0,1.7(-5.56 %),0,0,0,0,3912770,0.09
19/09/2014,0,0,1.7(0.00 %),0,0,0,0,3912770,0.09
23/09/2014,0,0,1.7(6.25 %),0,0,0,0,3912770,0.09
24/09/2014,0,0,1.6(-5.88 %),0,0,0,0,3912770,0.09
25/09/2014,0,0,1.7(6.25 %),0,0,0,0,3912770,0.09
26/09/2014,0,0,1.8(5.88 %),0,0,0,0,3912770,0.09
29/09/2014,0,0,1.7(-5.56 %),0,0,0,0,3912770,0.09
30/09/2014,0,0,1.7(0.00 %),0,0,0,0,3912770,0.09
01/10/2014,0,0,1.6(0.00 %),0,0,0,0,3912770,0.09
02/10/2014,0,0,1.6(6.67 %),0,0,0,0,3912770,0.09
03/10/2014,0,0,1.6(0.00 %),0,0,0,0,3912770,0.09
06/10/2014,0,0,1.6(0.00 %),0,0,0,0,3912770,0.09
07/10/2014,0,0,1.5(0.00 %),0,0,0,0,3912770,0.09
08/10/2014,0,0,1.6(0.00 %),0,0,0,0,3912770,0.09
09/10/2014,0,0,1.6(0.00 %),0,0,0,0,3912770,0.09
10/10/2014,0,0,1.5(-6.25 %),0,0,0,0,3912770,0.09
27/10/2014,0,0,1.6(0.00 %),0,0,0,0,3912770,0.09
28/10/2014,0,0,1.6(0.00 %),0,0,0,0,3912770,0.09
29/10/2014,0,0,1.5(-6.25 %),0,0,0,0,3912770,0.09
30/10/2014,0,0,1.5(-6.25 %),0,0,0,0,3912770,0.09
31/10/2014,0,0,1.6(6.67 %),0,0,0,0,3912770,0.09
03/11/2014,0,0,1.6(0.00 %),0,0,0,0,3912770,0.09
04/11/2014,0,0,1.5(-6.25 %),0,0,0,0,3912770,0.09
05/11/2014,0,0,1.6(6.67 %),0,0,0,0,3912770,0.09
06/11/2014,0,0,0(0.00 %),0,0,0,0,3912770,0.09
07/11/2014,0,0,1.5(-6.25 %),0,0,0,0,3912770,0.09
10/11/2014,0,0,1.5(-6.25 %),0,0,0,0,3912770,0.09
11/11/2014,0,0,1.5(0.00 %),0,0,0,0,3912770,0.09
12/11/2014,0,0,1.5(0.00 %),0,0,0,0,3912770,0.09
13/11/2014,0,0,1.6(6.67 %),0,0,0,0,3912770,0.09
14/11/2014,0,0,1.5(-6.25 %),0,0,0,0,3912770,0.09
17/11/2014,0,0,1.5(0.00 %),0,0,0,0,3912770,0.09
18/11/2014,0,0,1.5(0.00 %),0,0,0,0,3912770,0.09
19/11/2014,0,0,1.4(0.00 %),0,0,0,0,3912770,0.09
20/11/2014,0,0,1.6(6.67 %),0,0,0,0,3912770,0.09
21/11/2014,0,0,1.5(-6.25 %),0,0,0,0,3912770,0.09
24/11/2014,0,0,1.5(0.00 %),0,0,0,0,3912770,0.09
25/11/2014,0,0,1.5(0.00 %),0,0,0,0,3912770,0.09
26/11/2014,0,0,1.4(-6.67 %),0,0,0,0,3912770,0.09
27/11/2014,0,0,1.4(0.00 %),0,0,0,0,3912770,0.09
28/11/2014,0,0,1.5(7.14 %),0,0,0,0,3912770,0.09
01/12/2014,0,0,1.4(-6.67 %),0,0,0,0,3912770,0.09
02/12/2014,0,0,1.5(7.14 %),0,0,0,0,3912770,0.09
03/12/2014,0,0,1.4(0.00 %),0,0,0,0,3912770,0.09
04/12/2014,0,0,1.5(7.14 %),0,0,0,0,3912770,0.09
05/12/2014,0,0,1.4(0.00 %),0,0,0,0,3912770,0.09
08/12/2014,0,0,1.5(7.14 %),0,0,0,0,3912770,0.09
09/12/2014,0,0,1.5(0.00 %),0,0,0,0,3912770,0.09
10/12/2014,0,0,1.5(0.00 %),0,0,0,0,3912770,0.09
11/12/2014,0,0,1.4(-6.67 %),0,0,0,0,3912770,0.09
12/12/2014,0,0,1.5(7.14 %),0,0,0,0,3912770,0.09
15/12/2014,0,0,1.4(-6.67 %),0,0,0,0,3912770,0.09
16/12/2014,0,0,1.4(-6.67 %),0,0,0,0,3912770,0.09
17/12/2014,0,0,1.5(7.14 %),0,0,0,0,3912770,0.09
18/12/2014,0,0,1.4(0.00 %),0,0,0,0,3912770,0.09
19/12/2014,0,0,1.5(7.14 %),0,0,0,0,3912770,0.09
22/12/2014,0,0,1.4(7.69 %),0,0,0,0,3912770,0.09
23/12/2014,0,0,1.5(7.14 %),0,0,0,0,3912770,0.09
24/12/2014,0,0,1.4(0.00 %),0,0,0,0,3912770,0.09
25/12/2014,0,0,1.4(0.00 %),0,0,0,0,3912770,0.09
26/12/2014,0,0,1.4(0.00 %),0,0,0,0,3912770,0.09
29/12/2014,0,0,1.3(-7.14 %),0,0,0,0,3912770,0.09
30/12/2014,0,0,1.4(7.69 %),0,0,0,0,3912770,0.09
31/12/2014,0,0,1.4(0.00 %),0,0,0,0,3912770,0.09
05/01/2015,0,0,1.4(0.00 %),0,0,0,0,3912770,0.09
06/01/2015,0,0,1.4(0.00 %),0,0,0,0,3912770,0.09
07/01/2015,0,0,1.4(0.00 %),0,0,0,0,3912770,0.09
08/01/2015,0,0,1.4(0.00 %),0,0,0,0,3912770,0.09
09/01/2015,0,0,1.4(0.00 %),0,0,0,0,3912770,0.09
12/01/2015,0,0,1.4(0.00 %),0,0,0,0,3912770,0.09
13/01/2015,0,0,1.3(-7.14 %),0,0,0,0,3912770,0.09
15/01/2015,0,0,1.4(7.69 %),0,0,0,0,3912770,0.09
16/01/2015,0,0,1.3(0.00 %),0,0,0,0,3912770,0.09
19/01/2015,0,0,1.4(7.69 %),0,0,0,0,3912770,0.09
20/01/2015,0,0,1.4(0.00 %),0,0,0,0,3912770,0.09
21/01/2015,0,0,1.5(7.14 %),0,0,0,0,3912770,0.09
22/01/2015,0,0,1.4(0.00 %),0,0,0,0,3912770,0.09
23/01/2015,0,0,1.4(0.00 %),0,0,0,0,3912770,0.09
26/01/2015,0,0,1.4(0.00 %),0,0,0,0,3912770,0.09
27/01/2015,0,0,1.4(0.00 %),0,0,0,0,3912770,0.09
28/01/2015,0,0,1.4(0.00 %),0,0,0,0,3912770,0.09
29/01/2015,0,0,1.4(0.00 %),0,0,0,0,3912770,0.09
30/01/2015,0,0,1.3(-7.14 %),0,0,0,0,3912770,0.09
02/02/2015,0,0,1.3(0.00 %),0,0,0,0,3912770,0.09
03/02/2015,0,0,1.3(0.00 %),0,0,0,0,3912770,0.09
04/02/2015,0,0,1.4(7.69 %),0,0,0,0,3912770,0.09
05/02/2015,0,0,1.4(0.00 %),0,0,0,0,3912770,0.09
06/02/2015,0,0,1.3(-7.14 %),0,0,0,0,3912770,0.09
09/02/2015,0,0,1.3(0.00 %),0,0,0,0,3912770,0.09
10/02/2015,0,0,1.3(0.00 %),0,0,0,0,3912770,0.09
11/02/2015,0,0,1.3(0.00 %),0,0,0,0,3912770,0.09
12/02/2015,0,0,1.4(7.69 %),0,0,0,0,3912770,0.09
13/02/2015,0,0,1.4(0.00 %),0,0,0,0,3912770,0.09
24/02/2015,0,0,1.3(-7.14 %),0,0,0,0,3912770,0.09
25/02/2015,0,0,1.3(-7.14 %),0,0,0,0,3912770,0.09
26/02/2015,0,0,1.4(7.69 %),0,0,0,0,3912770,0.09
27/02/2015,0,0,1.4(7.69 %),0,0,0,0,3912770,0.09
02/03/2015,0,0,1.3(-7.14 %),0,0,0,0,3912770,0.09
03/03/2015,0,0,1.2(-7.69 %),0,0,0,0,3912770,0.09
04/03/2015,0,0,1.2(0.00 %),0,0,0,0,3912770,0.09
05/03/2015,0,0,1.3(8.33 %),0,0,0,0,3912770,0.09
06/03/2015,0,0,1.4(7.69 %),0,0,0,0,3912770,0.09
09/03/2015,0,0,1.4(0.00 %),0,0,0,0,3912770,0.09
10/03/2015,0,0,1.3(-7.14 %),0,0,0,0,3912770,0.09
11/03/2015,0,0,1.3(0.00 %),0,0,0,0,3912770,0.09
12/03/2015,0,0,1.3(0.00 %),0,0,0,0,3912770,0.09
13/03/2015,0,0,1.4(7.69 %),0,0,0,0,3912770,0.09
16/03/2015,0,0,1.3(-7.14 %),0,0,0,0,3912770,0.09
17/03/2015,0,0,1.3(0.00 %),0,0,0,0,3912770,0.09
18/03/2015,0,0,1.3(8.33 %),0,0,0,0,3912770,0.09
19/03/2015,0,0,1.4(7.69 %),0,0,0,0,3912770,0.09
20/03/2015,0,0,1.4(0.00 %),0,0,0,0,3912770,0.09
23/03/2015,0,0,1.4(0.00 %),0,0,0,0,3912770,0.09
24/03/2015,0,0,1.3(-7.14 %),0,0,0,0,3912770,0.09
25/03/2015,0,0,1.3(0.00 %),0,0,0,0,3912770,0.09
26/03/2015,0,0,1.3(0.00 %),0,0,0,0,3912770,0.09
27/03/2015,0,0,1.3(0.00 %),0,0,0,0,3912770,0.09
30/03/2015,0,0,1.3(8.33 %),0,0,0,0,3912770,0.09
31/03/2015,0,0,1.4(7.69 %),0,0,0,0,3912770,0.09
02/04/2015,0,0,1.3(0.00 %),0,0,0,0,3912770,0.09
03/04/2015,0,0,1.3(8.33 %),0,0,0,0,3912770,0.09
06/04/2015,0,0,1.3(8.33 %),0,0,0,0,3912770,0.09
07/04/2015,0,0,1.3(0.00 %),0,0,0,0,3912770,0.09
08/04/2015,0,0,1.3(8.33 %),0,0,0,0,3912770,0.09
09/04/2015,0,0,1.2(-7.69 %),0,0,0,0,3912770,0.09
10/04/2015,0,0,1.3(8.33 %),0,0,0,0,3912770,0.09
14/04/2015,0,0,1.3(8.33 %),0,0,0,0,3912770,0.09
15/04/2015,0,0,1.3(0.00 %),0,0,0,0,3912770,0.09
16/04/2015,0,0,1.3(0.00 %),0,0,0,0,3912770,0.09
17/04/2015,0,0,1.3(0.00 %),0,0,0,0,3912770,0.09
20/04/2015,0,0,1.3(0.00 %),0,0,0,0,3912770,0.09
21/04/2015,0,0,1.2(0.00 %),0,0,0,0,3912770,0.09
22/04/2015,0,0,1.2(0.00 %),0,0,0,0,3912770,0.09
23/04/2015,0,0,1.3(8.33 %),0,0,0,0,3912770,0.09
24/04/2015,0,0,1.3(8.33 %),0,0,0,0,3912770,0.09
27/04/2015,0,0,1.3(0.00 %),0,0,0,0,3912770,0.09
04/05/2015,0,0,1.3(0.00 %),0,0,0,0,3912770,0.09
05/05/2015,0,0,1.2(-7.69 %),0,0,0,0,3912770,0.09
06/05/2015,0,0,1.2(0.00 %),0,0,0,0,3912770,0.09
07/05/2015,0,0,1.2(0.00 %),0,0,0,0,3912770,0.09
08/05/2015,0,0,1.2(0.00 %),0,0,0,0,3912770,0.09
11/05/2015,0,0,1.1(-8.33 %),0,0,0,0,3912770,0.09
12/05/2015,-100,-100000,1.2(9.09 %),0,0,100,100000,3912870,0.09
13/05/2015,0,0,1.2(0.00 %),0,0,0,0,3912770,0.09
14/05/2015,0,0,1.1(-8.33 %),0,0,0,0,3912770,0.09
15/05/2015,0,0,1.2(9.09 %),0,0,0,0,3912770,0.09
18/05/2015,0,0,1.2(9.09 %),0,0,0,0,3912870,0.09
19/05/2015,0,0,1.2(0.00 %),0,0,0,0,3912870,0.09
20/05/2015,0,0,1.2(9.09 %),0,0,0,0,3912870,0.09
21/05/2015,0,0,1.2(9.09 %),0,0,0,0,3912870,0.09
22/05/2015,0,0,1.1(-8.33 %),0,0,0,0,3912870,0.09
25/05/2015,0,0,1.2(9.09 %),0,0,0,0,3912870,0.09
26/05/2015,0,0,1.1(10.00 %),0,0,0,0,3912870,0.09
27/05/2015,0,0,1.1(0.00 %),0,0,0,0,3912870,0.09
28/05/2015,0,0,1.1(0.00 %),0,0,0,0,3912870,0.09
29/05/2015,0,0,1.1(10.00 %),0,0,0,0,3912870,0.09
01/06/2015,0,0,1.1(0.00 %),0,0,0,0,3912870,0.09
02/06/2015,0,0,1.1(0.00 %),0,0,0,0,3912870,0.09
03/06/2015,0,0,1.1(10.00 %),0,0,0,0,3912870,0.09
04/06/2015,0,0,1(0.00 %),0,0,0,0,3912870,0.09
05/06/2015,0,0,1.2(9.09 %),0,0,0,0,3912870,0.09
08/06/2015,0,0,1.2(0.00 %),0,0,0,0,3912870,0.09
09/06/2015,0,0,1.1(0.00 %),0,0,0,0,3912870,0.09
10/06/2015,0,0,1(0.00 %),0,0,0,0,3912870,0.09
11/06/2015,0,0,1(0.00 %),0,0,0,0,3912870,0.09
12/06/2015,0,0,1.1(10.00 %),0,0,0,0,3912870,0.09
15/06/2015,0,0,1(0.00 %),0,0,0,0,3912870,0.09
16/06/2015,0,0,1(0.00 %),0,0,0,0,3912870,0.09
17/06/2015,0,0,1.1(10.00 %),0,0,0,0,3912870,0.09
18/06/2015,0,0,1.1(10.00 %),0,0,0,0,3912870,0.09
19/06/2015,0,0,1.1(10.00 %),0,0,0,0,3912870,0.09
22/06/2015,0,0,1.1(10.00 %),0,0,0,0,3912870,0.09
23/06/2015,0,0,1.2(9.09 %),0,0,0,0,3912870,0.09
24/06/2015,0,0,1.2(0.00 %),0,0,0,0,3912870,0.09
25/06/2015,0,0,1.1(-8.33 %),0,0,0,0,3912870,0.09
26/06/2015,0,0,1.1(0.00 %),0,0,0,0,3912870,0.09
29/06/2015,0,0,1.1(0.00 %),0,0,0,0,3912870,0.09
30/06/2015,0,0,1.1(10.00 %),0,0,0,0,3912870,0.09
01/07/2015,0,0,1(0.00 %),0,0,0,0,3912870,0.09
02/07/2015,0,0,1.1(10.00 %),0,0,0,0,3912870,0.09
03/07/2015,0,0,1(0.00 %),0,0,0,0,3912870,0.09
06/07/2015,0,0,1(0.00 %),0,0,0,0,3912870,0.09
07/07/2015,0,0,1.1(10.00 %),0,0,0,0,3912870,0.09
08/07/2015,0,0,0.9(0.00 %),0,0,0,0,3912870,0.09
09/07/2015,0,0,1(0.00 %),0,0,0,0,3912870,0.09
10/07/2015,0,0,1(0.00 %),0,0,0,0,3912870,0.09
13/07/2015,0,0,1.1(10.00 %),0,0,0,0,3912870,0.09
14/07/2015,0,0,1(0.00 %),0,0,0,0,3912870,0.09
15/07/2015,0,0,0.9(-10.00 %),0,0,0,0,3912870,0.09
16/07/2015,0,0,1(11.11 %),0,0,0,0,3912870,0.09
17/07/2015,0,0,1(11.11 %),0,0,0,0,3912870,0.09
20/07/2015,0,0,1(11.11 %),0,0,0,0,3912870,0.09
21/07/2015,0,0,0.9(-10.00 %),0,0,0,0,3912870,0.09
22/07/2015,0,0,1(11.11 %),0,0,0,0,3912870,0.09
23/07/2015,0,0,1(0.00 %),0,0,0,0,3912870,0.09
24/07/2015,0,0,1.1(10.00 %),0,0,0,0,3912870,0.09
27/07/2015,0,0,1(11.11 %),0,0,0,0,3912870,0.09
28/07/2015,0,0,1(0.00 %),0,0,0,0,3912870,0.09
29/07/2015,0,0,1(0.00 %),0,0,0,0,3912870,0.09
30/07/2015,0,0,0.9(-10.00 %),0,0,0,0,3912870,0.09
31/07/2015,0,0,1(0.00 %),0,0,0,0,3912870,0.09
03/08/2015,0,0,1(0.00 %),0,0,0,0,3912870,0.09
04/08/2015,0,0,1(0.00 %),0,0,0,0,3912870,0.09
05/08/2015,0,0,1(0.00 %),0,0,0,0,3912870,0.09
06/08/2015,0,0,0.9(-10.00 %),0,0,0,0,3912870,0.09
07/08/2015,0,0,1(0.00 %),0,0,0,0,3912870,0.09
10/08/2015,0,0,1(0.00 %),0,0,0,0,3912870,0.09
11/08/2015,0,0,1(0.00 %),0,0,0,0,3912870,0.09
12/08/2015,0,0,1(0.00 %),0,0,0,0,3912870,0.09
13/08/2015,0,0,1(0.00 %),0,0,0,0,3912870,0.09
14/08/2015,0,0,1(0.00 %),0,0,0,0,3912870,0.09
17/08/2015,0,0,1(0.00 %),0,0,0,0,3912870,0.09
18/08/2015,0,0,0.9(-10.00 %),0,0,0,0,3912870,0.09
19/08/2015,0,0,1(11.11 %),0,0,0,0,3912870,0.09
20/08/2015,0,0,1(0.00 %),0,0,0,0,3912870,0.09
21/08/2015,0,0,0.9(-10.00 %),0,0,0,0,3912870,0.09
24/08/2015,0,0,0.8(-11.11 %),0,0,0,0,3912870,0.09
25/08/2015,0,0,0.9(0.00 %),0,0,0,0,3912870,0.09
26/08/2015,0,0,0.9(0.00 %),0,0,0,0,3912870,0.09
27/08/2015,0,0,1(11.11 %),0,0,0,0,3912870,0.09
28/08/2015,0,0,1(0.00 %),0,0,0,0,3912870,0.09
31/08/2015,0,0,1(0.00 %),0,0,0,0,3912870,0.09
01/09/2015,0,0,1(0.00 %),0,0,0,0,3912870,0.09
03/09/2015,0,0,1(0.00 %),0,0,0,0,3912870,0.09
04/09/2015,0,0,1(0.00 %),0,0,0,0,3912870,0.09
07/09/2015,0,0,1(0.00 %),0,0,0,0,3912870,0.09
08/09/2015,0,0,1(0.00 %),0,0,0,0,3912870,0.09
09/09/2015,0,0,1(11.11 %),0,0,0,0,3912870,0.09
10/09/2015,0,0,1(0.00 %),0,0,0,0,3912870,0.09
11/09/2015,0,0,0.9(-10.00 %),0,0,0,0,3912870,0.09
14/09/2015,0,0,0.9(0.00 %),0,0,0,0,3912870,0.09
15/09/2015,0,0,0.9(0.00 %),0,0,0,0,3912870,0.09
16/09/2015,0,0,1(11.11 %),0,0,0,0,3912870,0.09
17/09/2015,0,0,1(0.00 %),0,0,0,0,3912870,0.09
18/09/2015,0,0,1(0.00 %),0,0,0,0,3912870,0.09
21/09/2015,0,0,1(0.00 %),0,0,0,0,3912870,0.09
22/09/2015,0,0,0.9(-10.00 %),0,0,0,0,3912870,0.09
23/09/2015,0,0,0.9(-10.00 %),0,0,0,0,3912870,0.09
24/09/2015,0,0,0.9(0.00 %),0,0,0,0,3912870,0.09
25/09/2015,0,0,0.9(0.00 %),0,0,0,0,3912870,0.09
28/09/2015,0,0,1(11.11 %),0,0,0,0,3912870,0.09
29/09/2015,0,0,1.1(10.00 %),0,0,0,0,3912870,0.09
30/09/2015,0,0,1.1(0.00 %),0,0,0,0,3912870,0.09
01/10/2015,0,0,1.1(-8.33 %),0,0,0,0,3912870,0.09
02/10/2015,0,0,1(-9.09 %),0,0,0,0,3912870,0.09
05/10/2015,0,0,1(0.00 %),0,0,0,0,3912870,0.09
06/10/2015,0,0,1.1(10.00 %),0,0,0,0,3912870,0.09
07/10/2015,0,0,1.2(9.09 %),0,0,0,0,3912870,0.09
08/10/2015,0,0,1.2(9.09 %),0,0,0,0,3912870,0.09
09/10/2015,0,0,1.3(8.33 %),0,0,0,0,3912870,0.09
12/10/2015,0,0,1.4(7.69 %),0,0,0,0,3912870,0.09
13/10/2015,0,0,1.4(0.00 %),0,0,0,0,3912870,0.09
14/10/2015,0,0,1.4(0.00 %),0,0,0,0,3912870,0.09
15/10/2015,0,0,1.4(0.00 %),0,0,0,0,3912870,0.09
16/10/2015,0,0,1.4(0.00 %),0,0,0,0,3912870,0.09
19/10/2015,0,0,1.4(0.00 %),0,0,0,0,3912870,0.09
20/10/2015,0,0,1.4(0.00 %),0,0,0,0,3912870,0.09
21/10/2015,0,0,1.4(0.00 %),0,0,0,0,3912870,0.09
22/10/2015,0,0,1.4(0.00 %),0,0,0,0,3912870,0.09
23/10/2015,0,0,1.3(-7.14 %),0,0,0,0,3912870,0.09
26/10/2015,0,0,1.3(0.00 %),0,0,0,0,3912870,0.09
27/10/2015,0,0,1.2(-7.69 %),0,0,0,0,3912870,0.09
28/10/2015,0,0,1.2(0.00 %),0,0,0,0,3912870,0.09
29/10/2015,0,0,1.2(0.00 %),0,0,0,0,3912870,0.09
30/10/2015,0,0,1.3(8.33 %),0,0,0,0,3912870,0.09
02/11/2015,0,0,1.2(-7.69 %),0,0,0,0,3912870,0.09
03/11/2015,0,0,1.1(-8.33 %),0,0,0,0,3912870,0.09
04/11/2015,0,0,1(-9.09 %),0,0,0,0,3912870,0.09
05/11/2015,0,0,1(0.00 %),0,0,0,0,3912870,0.09
06/11/2015,0,0,1.1(10.00 %),0,0,0,0,3912870,0.09
09/11/2015,0,0,1.1(0.00 %),0,0,0,0,3912870,0.09
10/11/2015,0,0,1.2(9.09 %),0,0,0,0,3912870,0.09
11/11/2015,0,0,1.2(0.00 %),0,0,0,0,3912870,0.09
12/11/2015,0,0,1.2(0.00 %),0,0,0,0,3912870,0.09
13/11/2015,0,0,1.2(0.00 %),0,0,0,0,3912870,0.09
16/11/2015,0,0,1.2(0.00 %),0,0,0,0,3912870,0.09
17/11/2015,0,0,1.2(0.00 %),0,0,0,0,3912870,0.09
18/11/2015,0,0,1.2(0.00 %),0,0,0,0,3912870,0.09
19/11/2015,0,0,1.1(-8.33 %),0,0,0,0,3912870,0.09
20/11/2015,0,0,1.1(0.00 %),0,0,0,0,3912870,0.09
23/11/2015,0,0,1(-9.09 %),0,0,0,0,3912870,0.09
24/11/2015,0,0,1.1(10.00 %),0,0,0,0,3912870,0.09
25/11/2015,0,0,1.2(9.09 %),0,0,0,0,3912870,0.09
26/11/2015,0,0,1.3(8.33 %),0,0,0,0,3912870,0.09
27/11/2015,0,0,1.3(0.00 %),0,0,0,0,3912870,0.09
30/11/2015,0,0,1.2(-7.69 %),0,0,0,0,3912870,0.09
01/12/2015,0,0,1.2(0.00 %),0,0,0,0,3912870,0.09
02/12/2015,0,0,1.2(0.00 %),0,0,0,0,3912870,0.09
03/12/2015,0,0,1.3(8.33 %),0,0,0,0,3912870,0.09
04/12/2015,0,0,1.2(-7.69 %),0,0,0,0,3912870,0.09
07/12/2015,0,0,1.2(0.00 %),0,0,0,0,3912870,0.09
08/12/2015,0,0,1.1(-8.33 %),0,0,0,0,3912870,0.09
09/12/2015,0,0,1.2(9.09 %),0,0,0,0,3912870,0.09
10/12/2015,0,0,1.1(-8.33 %),0,0,0,0,3912870,0.09
11/12/2015,0,0,1.1(-8.33 %),0,0,0,0,3912870,0.09
14/12/2015,0,0,1(-9.09 %),0,0,0,0,3912870,0.09
15/12/2015,0,0,1.1(10.00 %),0,0,0,0,3912870,0.09
16/12/2015,0,0,1.1(0.00 %),0,0,0,0,3912870,0.09
17/12/2015,0,0,1.1(0.00 %),0,0,0,0,3912870,0.09
18/12/2015,0,0,1.1(0.00 %),0,0,0,0,3912870,0.09
21/12/2015,0,0,1.1(0.00 %),0,0,0,0,3912870,0.09
22/12/2015,0,0,1.1(0.00 %),0,0,0,0,3912870,0.09
23/12/2015,0,0,1.1(0.00 %),0,0,0,0,3912870,0.09
24/12/2015,0,0,1.2(9.09 %),0,0,0,0,3912870,0.09
25/12/2015,0,0,1.2(0.00 %),0,0,0,0,3912870,0.09
28/12/2015,0,0,1.2(0.00 %),0,0,0,0,3912870,0.09
29/12/2015,0,0,1.1(-8.33 %),0,0,0,0,3912870,0.09
30/12/2015,0,0,1.1(0.00 %),0,0,0,0,3912870,0.09
31/12/2015,0,0,1.2(9.09 %),0,0,0,0,3912870,0.09
04/01/2016,0,0,1.2(0.00 %),0,0,0,0,3912870,0.09
05/01/2016,0,0,1.2(0.00 %),0,0,0,0,3912870,0.09
06/01/2016,0,0,1.1(-8.33 %),0,0,0,0,3912870,0.09
07/01/2016,0,0,1(-9.09 %),0,0,0,0,3912870,0.09
08/01/2016,0,0,0.9(-10.00 %),0,0,0,0,3912870,0.09
11/01/2016,0,0,1(11.11 %),0,0,0,0,3912870,0.09
12/01/2016,0,0,1.1(10.00 %),0,0,0,0,3912870,0.09
13/01/2016,0,0,1.1(0.00 %),0,0,0,0,3912870,0.09
14/01/2016,0,0,1.2(9.09 %),0,0,0,0,3912870,0.09
15/01/2016,0,0,1(0.00 %),0,0,0,0,3912870,0.09
18/01/2016,0,0,1.1(10.00 %),0,0,0,0,3912870,0.09
19/01/2016,0,0,1.1(0.00 %),0,0,0,0,3912870,0.09
20/01/2016,0,0,1(-9.09 %),0,0,0,0,3912870,0.09
21/01/2016,0,0,1(0.00 %),0,0,0,0,3912870,0.09
22/01/2016,0,0,1.1(10.00 %),0,0,0,0,3912870,0.09
25/01/2016,0,0,1.1(0.00 %),0,0,0,0,3912870,0.09
26/01/2016,0,0,1.1(0.00 %),0,0,0,0,3912870,0.09
27/01/2016,0,0,1.1(0.00 %),0,0,0,0,3912870,0.09
28/01/2016,0,0,1(-9.09 %),0,0,0,0,3912870,0.09
29/01/2016,0,0,1(0.00 %),0,0,0,0,3912870,0.09
01/02/2016,0,0,1(0.00 %),0,0,0,0,3912870,0.09
02/02/2016,0,0,0.9(-10.00 %),0,0,0,0,3912870,0.09
03/02/2016,0,0,0.8(-11.11 %),0,0,0,0,3912870,0.09
04/02/2016,0,0,0.9(12.50 %),0,0,0,0,3912870,0.09
05/02/2016,0,0,0.9(0.00 %),0,0,0,0,3912870,0.09
15/02/2016,0,0,0.9(0.00 %),0,0,0,0,3912870,0.09
16/02/2016,0,0,0.9(0.00 %),0,0,0,0,3912870,0.09
17/02/2016,0,0,0.9(0.00 %),0,0,0,0,3912870,0.09
18/02/2016,0,0,0.9(0.00 %),0,0,0,0,3912870,0.09
19/02/2016,0,0,0.9(0.00 %),0,0,0,0,3912870,0.09
22/02/2016,0,0,0.9(0.00 %),0,0,0,0,3912870,0.09
23/02/2016,0,0,0.9(0.00 %),0,0,0,0,3912870,0.09
24/02/2016,0,0,0.9(0.00 %),0,0,0,0,3912870,0.09
25/02/2016,0,0,1(11.11 %),0,0,0,0,3912870,0.09
26/02/2016,0,0,1.1(10.00 %),0,0,0,0,3912870,0.09
29/02/2016,0,0,1.1(0.00 %),0,0,0,0,3912870,0.09
01/03/2016,0,0,1.1(10.00 %),0,0,0,0,3912870,0.09
02/03/2016,0,0,1.1(0.00 %),0,0,0,0,3912870,0.09
03/03/2016,0,0,1.1(0.00 %),0,0,0,0,3912870,0.09
04/03/2016,0,0,1.1(0.00 %),0,0,0,0,3912870,0.09
07/03/2016,0,0,1.1(0.00 %),0,0,0,0,3912870,0.09
08/03/2016,0,0,1.1(0.00 %),0,0,0,0,3912870,0.09
09/03/2016,0,0,1.1(0.00 %),0,0,0,0,3912870,0.09
10/03/2016,0,0,1.1(0.00 %),0,0,0,0,3912870,0.09
11/03/2016,0,0,1.1(0.00 %),0,0,0,0,3912870,0.09
14/03/2016,0,0,1(-9.09 %),0,0,0,0,3912870,0.09
15/03/2016,0,0,1.1(10.00 %),0,0,0,0,3912870,0.09
16/03/2016,0,0,1.1(0.00 %),0,0,0,0,3912870,0.09
17/03/2016,0,0,1.1(0.00 %),0,0,0,0,3912870,0.09
18/03/2016,0,0,1(-9.09 %),0,0,0,0,3912870,0.09
21/03/2016,0,0,0.9(-10.00 %),0,0,0,0,3912870,0.09
22/03/2016,0,0,1(11.11 %),0,0,0,0,3912870,0.09
23/03/2016,0,0,1(0.00 %),0,0,0,0,3912870,0.09
24/03/2016,0,0,1(0.00 %),0,0,0,0,3912870,0.09
25/03/2016,0,0,1(0.00 %),0,0,0,0,3912870,0.09
28/03/2016,0,0,1.1(10.00 %),0,0,0,0,3912870,0.09
29/03/2016,0,0,1.1(0.00 %),0,0,0,0,3912870,0.09
30/03/2016,0,0,1.2(9.09 %),0,0,0,0,3912870,0.09
31/03/2016,0,0,1.3(8.33 %),0,0,0,0,3912870,0.09
01/04/2016,0,0,1.3(0.00 %),0,0,0,0,3912870,0.09
04/04/2016,0,0,1.2(-7.69 %),0,0,0,0,3912870,0.09
05/04/2016,0,0,1.1(-8.33 %),0,0,0,0,3912870,0.09
06/04/2016,0,0,1.1(0.00 %),0,0,0,0,3912870,0.09
07/04/2016,0,0,1.1(10.00 %),0,0,0,0,3912870,0.09
08/04/2016,0,0,1(-9.09 %),0,0,0,0,3912870,0.09
11/04/2016,0,0,1.1(0.00 %),0,0,0,0,3912870,0.09
12/04/2016,0,0,0.9(-10.00 %),0,0,0,0,3912870,0.09
13/04/2016,0,0,0.9(0.00 %),0,0,0,0,3912870,0.09
14/04/2016,0,0,0.9(0.00 %),0,0,0,0,3912870,0.09
15/04/2016,0,0,0.9(0.00 %),0,0,0,0,3912870,0.09
19/04/2016,0,0,0.9(0.00 %),0,0,0,0,3912870,0.09
20/04/2016,0,0,1(11.11 %),0,0,0,0,3912870,0.09
21/04/2016,0,0,0.9(0.00 %),0,0,0,0,3912870,0.09
22/04/2016,0,0,0.9(0.00 %),0,0,0,0,3912870,0.09
25/04/2016,0,0,0.9(0.00 %),0,0,0,0,3912870,0.09
26/04/2016,0,0,0.8(-11.11 %),0,0,0,0,3912870,0.09
27/04/2016,0,0,0.9(12.50 %),0,0,0,0,3912870,0.09
28/04/2016,0,0,1(11.11 %),0,0,0,0,3912870,0.09
29/04/2016,0,0,0.9(0.00 %),0,0,0,0,3912870,0.09
04/05/2016,0,0,0.9(0.00 %),0,0,0,0,3912870,0.09
05/05/2016,0,0,0.9(0.00 %),0,0,0,0,3912870,0.09
06/05/2016,0,0,0.9(0.00 %),0,0,0,0,3912870,0.09
09/05/2016,0,0,0.9(0.00 %),0,0,0,0,3912870,0.09
10/05/2016,0,0,0.9(0.00 %),0,0,0,0,3912870,0.09
11/05/2016,0,0,0.9(0.00 %),0,0,0,0,3912870,0.09
12/05/2016,0,0,0.9(0.00 %),0,0,0,0,3912870,0.09
13/05/2016,0,0,0.9(12.50 %),0,0,0,0,3912870,0.09
16/05/2016,0,0,0.9(12.50 %),0,0,0,0,3912870,0.09
17/05/2016,0,0,0.8(-11.11 %),0,0,0,0,3912870,0.09
18/05/2016,0,0,0.8(0.00 %),0,0,0,0,3912870,0.09
19/05/2016,0,0,0.9(12.50 %),0,0,0,0,3912870,0.09
20/05/2016,0,0,0.8(-11.11 %),0,0,0,0,3912870,0.09
23/05/2016,0,0,0.7(-12.50 %),0,0,0,0,3912870,0.09
24/05/2016,0,0,0.7(0.00 %),0,0,0,0,3912870,0.09
25/05/2016,0,0,0.7(16.67 %),0,0,0,0,3912870,0.09
26/05/2016,0,0,0.7(0.00 %),0,0,0,0,3912870,0.09
27/05/2016,0,0,0.7(0.00 %),0,0,0,0,3912870,0.09
30/05/2016,0,0,0.7(0.00 %),0,0,0,0,3912870,0.09
31/05/2016,0,0,0.7(0.00 %),0,0,0,0,3912870,0.09
01/06/2016,0,0,0.7(0.00 %),0,0,0,0,3912870,0.09
02/06/2016,0,0,0.7(0.00 %),0,0,0,0,3912870,0.09
03/06/2016,0,0,0.6(-14.29 %),0,0,0,0,3912870,0.09
06/06/2016,0,0,0.6(0.00 %),0,0,0,0,3912870,0.09
07/06/2016,0,0,0.6(0.00 %),0,0,0,0,3912870,0.09
08/06/2016,0,0,0.6(0.00 %),0,0,0,0,3912870,0.09
09/06/2016,0,0,0.6(0.00 %),0,0,0,0,3912870,0.09
10/06/2016,0,0,0.5(-16.67 %),0,0,0,0,3912870,0.09
13/06/2016,0,0,0.5(0.00 %),0,0,0,0,3912870,0.09
14/06/2016,0,0,0.5(0.00 %),0,0,0,0,3912870,0.09
15/06/2016,0,0,0.5(0.00 %),0,0,0,0,3912870,0.09
16/06/2016,0,0,0.5(0.00 %),0,0,0,0,3912870,0.09
17/06/2016,0,0,0.5(0.00 %),0,0,0,0,3912870,0.09
20/06/2016,0,0,0.5(0.00 %),0,0,0,0,3912870,0.09
21/06/2016,0,0,0.5(0.00 %),0,0,0,0,3912870,0.09
22/06/2016,0,0,0.5(0.00 %),0,0,0,0,3912870,0.09
23/06/2016,0,0,0.5(0.00 %),0,0,0,0,3912870,0.09
24/06/2016,0,0,0.6(20.00 %),0,0,0,0,3912870,0.09
27/06/2016,0,0,0.6(20.00 %),0,0,0,0,3912870,0.09
28/06/2016,0,0,0.6(20.00 %),0,0,0,0,3912870,0.09
29/06/2016,0,0,0.6(20.00 %),0,0,0,0,3912870,0.09
30/06/2016,0,0,0.6(20.00 %),0,0,0,0,3912870,0.09
01/07/2016,0,0,0.4(-20.00 %),0,0,0,0,3912870,0.09
04/07/2016,0,0,0.4(0.00 %),0,0,0,0,3912870,0.09
05/07/2016,0,0,0.4(0.00 %),0,0,0,0,3912870,0.09
06/07/2016,0,0,0.4(0.00 %),0,0,0,0,3912870,0.09
07/07/2016,0,0,0.4(0.00 %),0,0,0,0,3912870,0.09
08/07/2016,0,0,0.5(25.00 %),0,0,0,0,3912870,0.09
11/07/2016,0,0,0.5(0.00 %),0,0,0,0,3912870,0.09
12/07/2016,0,0,0.5(0.00 %),0,0,0,0,3912870,0.09
13/07/2016,0,0,0.5(0.00 %),0,0,0,0,3912870,0.09
14/07/2016,0,0,0.5(0.00 %),0,0,0,0,3912870,0.09
15/07/2016,0,0,0.5(0.00 %),0,0,0,0,3912870,0.09
18/07/2016,0,0,0.5(0.00 %),0,0,0,0,3912870,0.09
19/07/2016,0,0,0.5(0.00 %),0,0,0,0,3912870,0.09
20/07/2016,0,0,0.5(0.00 %),0,0,0,0,3912870,0.09
21/07/2016,0,0,0.5(0.00 %),0,0,0,0,3912870,0.09
22/07/2016,0,0,0.5(0.00 %),0,0,0,0,3912870,0.09
25/07/2016,0,0,0.5(25.00 %),0,0,0,0,3912870,0.09
26/07/2016,0,0,0.5(25.00 %),0,0,0,0,3912870,0.09
27/07/2016,0,0,0.5(25.00 %),0,0,0,0,3912870,0.09
28/07/2016,0,0,0.5(25.00 %),0,0,0,0,3912870,0.09
29/07/2016,0,0,0.4(0.00 %),0,0,0,0,3912870,0.09
01/08/2016,0,0,0.4(0.00 %),0,0,0,0,3912870,0.09
02/08/2016,0,0,0.4(0.00 %),0,0,0,0,3912870,0.09
03/08/2016,0,0,0.4(0.00 %),0,0,0,0,3912870,0.09
04/08/2016,0,0,0.4(0.00 %),0,0,0,0,3912870,0.09
05/08/2016,0,0,0.4(0.00 %),0,0,0,0,3912870,0.09
08/08/2016,0,0,0.4(0.00 %),0,0,0,0,3912870,0.09
09/08/2016,0,0,0.4(0.00 %),0,0,0,0,3912870,0.09
10/08/2016,0,0,0.4(0.00 %),0,0,0,0,3912870,0.09
11/08/2016,0,0,0.4(0.00 %),0,0,0,0,3912870,0.09
12/08/2016,0,0,0.4(0.00 %),0,0,0,0,3912870,0.09
15/08/2016,0,0,0.4(0.00 %),0,0,0,0,3912870,0.09
16/08/2016,0,0,0.4(0.00 %),0,0,0,0,3912870,0.09
17/08/2016,0,0,0.4(0.00 %),0,0,0,0,3912870,0.09
18/08/2016,0,0,0.4(0.00 %),0,0,0,0,3912870,0.09
19/08/2016,0,0,0.4(0.00 %),0,0,0,0,3912870,0.09
22/08/2016,0,0,0.4(0.00 %),0,0,0,0,3912870,0.09
23/08/2016,0,0,0.4(0.00 %),0,0,0,0,3912870,0.09
24/08/2016,0,0,0.4(0.00 %),0,0,0,0,3912870,0.09
25/08/2016,0,0,0.4(0.00 %),0,0,0,0,3912870,0.09
26/08/2016,0,0,0.3(-25.00 %),0,0,0,0,3912870,0.09
29/08/2016,0,0,0.3(0.00 %),0,0,0,0,3912870,0.09
30/08/2016,0,0,0.3(0.00 %),0,0,0,0,3912870,0.09
31/08/2016,0,0,0.3(0.00 %),0,0,0,0,3912870,0.09
01/09/2016,0,0,0.3(0.00 %),0,0,0,0,3912870,0.09
05/09/2016,0,0,0.3(0.00 %),0,0,0,0,3912870,0.09
06/09/2016,0,0,0.3(0.00 %),0,0,0,0,3912870,0.09
07/09/2016,0,0,0.3(0.00 %),0,0,0,0,3912870,0.09
08/09/2016,0,0,0.3(0.00 %),0,0,0,0,3912870,0.09
09/09/2016,0,0,0.4(33.33 %),0,0,0,0,3912870,0.09
12/09/2016,0,0,0.4(0.00 %),0,0,0,0,3912870,0.09
13/09/2016,0,0,0.4(0.00 %),0,0,0,0,3912870,0.09
14/09/2016,0,0,0.4(0.00 %),0,0,0,0,3912870,0.09
15/09/2016,0,0,0.4(0.00 %),0,0,0,0,3912870,0.09
16/09/2016,0,0,0.4(0.00 %),0,0,0,0,3912870,0.09
19/09/2016,0,0,0.4(0.00 %),0,0,0,0,3912870,0.09
20/09/2016,0,0,0.4(0.00 %),0,0,0,0,3912870,0.09
21/09/2016,0,0,0.4(0.00 %),0,0,0,0,3912870,0.09
22/09/2016,0,0,0.4(0.00 %),0,0,0,0,3912870,0.09
23/09/2016,0,0,0.5(25.00 %),0,0,0,0,3912870,0.09
26/09/2016,0,0,0.5(25.00 %),0,0,0,0,3912870,0.09
27/09/2016,0,0,0.4(0.00 %),0,0,0,0,3912870,0.09
28/09/2016,0,0,0.4(0.00 %),0,0,0,0,3912870,0.09
29/09/2016,0,0,0.4(0.00 %),0,0,0,0,3912870,0.09
30/09/2016,0,0,0.5(25.00 %),0,0,0,0,3912870,0.09
03/10/2016,0,0,0.5(0.00 %),0,0,0,0,3912870,0.09
04/10/2016,0,0,0.5(0.00 %),0,0,0,0,3912870,0.09
05/10/2016,0,0,0.5(0.00 %),0,0,0,0,3912870,0.09
06/10/2016,0,0,0.5(0.00 %),0,0,0,0,3912870,0.09
07/10/2016,0,0,0.5(0.00 %),0,0,0,0,3912870,0.09
10/10/2016,0,0,0.5(0.00 %),0,0,0,0,3912870,0.09
11/10/2016,0,0,0.5(0.00 %),0,0,0,0,3912870,0.09
12/10/2016,0,0,0.5(0.00 %),0,0,0,0,3912870,0.09
13/10/2016,0,0,0.5(0.00 %),0,0,0,0,3912870,0.09
14/10/2016,0,0,0.5(0.00 %),0,0,0,0,3912870,0.09
17/10/2016,0,0,0.5(0.00 %),0,0,0,0,3912870,0.09
18/10/2016,0,0,0.5(0.00 %),0,0,0,0,3912870,0.09
19/10/2016,0,0,0.5(0.00 %),0,0,0,0,3912870,0.09
20/10/2016,0,0,0.5(0.00 %),0,0,0,0,3912870,0.09
21/10/2016,0,0,0.5(0.00 %),0,0,0,0,3912870,0.09
24/10/2016,0,0,0.5(0.00 %),0,0,0,0,3912870,0.09
25/10/2016,0,0,0.5(0.00 %),0,0,0,0,3912870,0.09
26/10/2016,0,0,0.5(0.00 %),0,0,0,0,3912870,0.09
27/10/2016,0,0,0.5(0.00 %),0,0,0,0,3912870,0.09
28/10/2016,0,0,0.4(-20.00 %),0,0,0,0,3912870,0.09
31/10/2016,0,0,0.4(0.00 %),0,0,0,0,3912870,0.09
01/11/2016,0,0,0.4(0.00 %),0,0,0,0,3912870,0.09
02/11/2016,0,0,0.4(0.00 %),0,0,0,0,3912870,0.09
03/11/2016,0,0,0.4(0.00 %),0,0,0,0,3912870,0.09
04/11/2016,0,0,0.3(-25.00 %),0,0,0,0,3912870,0.09
07/11/2016,0,0,0.3(0.00 %),0,0,0,0,3912870,0.09
08/11/2016,0,0,0.3(0.00 %),0,0,0,0,3912870,0.09
09/11/2016,0,0,0.3(0.00 %),0,0,0,0,3912870,0.09
10/11/2016,0,0,0.3(0.00 %),0,0,0,0,3912870,0.09
11/11/2016,0,0,0.4(33.33 %),0,0,0,0,3912870,0.09
14/11/2016,0,0,0.3(0.00 %),0,0,0,0,3912870,0.09
15/11/2016,0,0,0.3(0.00 %),0,0,0,0,3912870,0.09
16/11/2016,0,0,0.3(0.00 %),0,0,0,0,3912870,0.09
17/11/2016,0,0,0.3(0.00 %),0,0,0,0,3912870,0.09
18/11/2016,0,0,0.3(0.00 %),0,0,0,0,3912870,0.09
21/11/2016,0,0,0.4(0.00 %),0,0,0,0,3912870,0.09
22/11/2016,0,0,0.4(0.00 %),0,0,0,0,3912870,0.09
23/11/2016,0,0,0.4(0.00 %),0,0,0,0,3912870,0.09
24/11/2016,0,0,0.4(0.00 %),0,0,0,0,3912870,0.09
25/11/2016,0,0,0.5(25.00 %),0,0,0,0,3912870,0.09
28/11/2016,0,0,0.5(0.00 %),0,0,0,0,3912870,0.09
29/11/2016,0,0,0.5(0.00 %),0,0,0,0,3912870,0.09
30/11/2016,0,0,0.5(0.00 %),0,0,0,0,3912870,0.09
01/12/2016,0,0,0.5(0.00 %),0,0,0,0,3912870,0.09
02/12/2016,0,0,0.5(0.00 %),0,0,0,0,3912870,0.09
05/12/2016,0,0,0.5(0.00 %),0,0,0,0,3912870,0.09
06/12/2016,0,0,0.5(0.00 %),0,0,0,0,3912870,0.09
07/12/2016,0,0,0.5(0.00 %),0,0,0,0,3912870,0.09
08/12/2016,0,0,0.5(0.00 %),0,0,0,0,3912870,0.09
09/12/2016,0,0,0.5(0.00 %),0,0,0,0,3912870,0.09
12/12/2016,0,0,0.5(0.00 %),0,0,0,0,3912870,0.09
13/12/2016,0,0,0.5(0.00 %),0,0,0,0,3912870,0.09
14/12/2016,0,0,0.5(0.00 %),0,0,0,0,3912870,0.09
15/12/2016,0,0,0.5(0.00 %),0,0,0,0,3912870,0.09
16/12/2016,0,0,0.4(-20.00 %),0,0,0,0,3912870,0.09
19/12/2016,0,0,0.4(0.00 %),0,0,0,0,3912870,0.09
20/12/2016,0,0,0.4(0.00 %),0,0,0,0,3912870,0.09
21/12/2016,0,0,0.4(0.00 %),0,0,0,0,3912870,0.09
22/12/2016,0,0,0.4(0.00 %),0,0,0,0,3912870,0.09
23/12/2016,0,0,0.4(0.00 %),0,0,0,0,3912870,0.09
26/12/2016,0,0,0.3(0.00 %),0,0,0,0,3912870,0.09
27/12/2016,0,0,0.3(0.00 %),0,0,0,0,3912870,0.09
28/12/2016,0,0,0.3(0.00 %),0,0,0,0,3912870,0.09
29/12/2016,0,0,0.3(0.00 %),0,0,0,0,3912870,0.09
30/12/2016,0,0,0.4(33.33 %),0,0,0,0,3912870,0.09
03/01/2017,0,0,0.4(0.00 %),0,0,0,0,3912870,0.09
04/01/2017,0,0,0.4(0.00 %),0,0,0,0,3912870,0.09
05/01/2017,0,0,0.4(0.00 %),0,0,0,0,3912870,0.09
06/01/2017,0,0,0.4(0.00 %),0,0,0,0,3912870,0.09
09/01/2017,0,0,0.4(0.00 %),0,0,0,0,3912870,0.09
10/01/2017,0,0,0.4(0.00 %),0,0,0,0,3912870,0.09
11/01/2017,0,0,0.4(0.00 %),0,0,0,0,3912870,0.09
12/01/2017,0,0,0.4(0.00 %),0,0,0,0,3912870,0.09
13/01/2017,0,0,0.3(-25.00 %),0,0,0,0,3912870,0.09
16/01/2017,0,0,0.5(0.00 %),0,0,0,0,3912870,0.09
17/01/2017,0,0,0.5(0.00 %),0,0,0,0,3912870,0.09
18/01/2017,0,0,0.5(0.00 %),0,0,0,0,3912870,0.09
19/01/2017,0,0,0.5(0.00 %),0,0,0,0,3912870,0.09
20/01/2017,0,0,0.5(0.00 %),0,0,0,0,3912870,0.09
23/01/2017,0,0,0.5(0.00 %),0,0,0,0,3912870,0.09
24/01/2017,0,0,0.5(0.00 %),0,0,0,0,3912870,0.09
25/01/2017,0,0,0.5(0.00 %),0,0,0,0,3912870,0.09
02/02/2017,0,0,0.5(0.00 %),0,0,0,0,3912870,0.09
03/02/2017,0,0,0.5(0.00 %),0,0,0,0,3912870,0.09
06/02/2017,0,0,0.5(0.00 %),0,0,0,0,3912870,0.09
07/02/2017,0,0,0.5(0.00 %),0,0,0,0,3912870,0.09
08/02/2017,0,0,0.5(0.00 %),0,0,0,0,3912870,0.09
09/02/2017,0,0,0.5(0.00 %),0,0,0,0,3912870,0.09
10/02/2017,0,0,0.5(0.00 %),0,0,0,0,3912870,0.09
13/02/2017,0,0,0.5(0.00 %),0,0,0,0,3912870,0.09
14/02/2017,0,0,0.5(0.00 %),0,0,0,0,3912870,0.09
15/02/2017,0,0,0.5(0.00 %),0,0,0,0,3912870,0.09
16/02/2017,0,0,0.5(0.00 %),0,0,0,0,3912870,0.09
17/02/2017,0,0,0.5(0.00 %),0,0,0,0,3912870,0.09
20/02/2017,0,0,0.5(0.00 %),0,0,0,0,3912870,0.09
21/02/2017,0,0,0.5(0.00 %),0,0,0,0,3912870,0.09
22/02/2017,0,0,0.5(0.00 %),0,0,0,0,3912870,0.09
23/02/2017,0,0,0.5(0.00 %),0,0,0,0,3912870,0.09
24/02/2017,0,0,0.5(0.00 %),0,0,0,0,3912870,0.09
27/02/2017,0,0,0.5(0.00 %),0,0,0,0,3912870,0.09
28/02/2017,0,0,0.5(0.00 %),0,0,0,0,3912870,0.09
01/03/2017,0,0,0.5(0.00 %),0,0,0,0,3912870,0.09
02/03/2017,0,0,0.5(0.00 %),0,0,0,0,3912870,0.09
03/03/2017,0,0,0.5(0.00 %),0,0,0,0,3912870,0.09
06/03/2017,0,0,0.5(0.00 %),0,0,0,0,3912870,0.09
07/03/2017,0,0,0.5(0.00 %),0,0,0,0,3912870,0.09
08/03/2017,0,0,0.5(0.00 %),0,0,0,0,3912870,0.09
09/03/2017,0,0,0.5(0.00 %),0,0,0,0,3912870,0.09
10/03/2017,0,0,0.5(0.00 %),0,0,0,0,3912870,0.09
13/03/2017,0,0,0.5(0.00 %),0,0,0,0,3912870,0.09
14/03/2017,0,0,0.5(0.00 %),0,0,0,0,3912870,0.09
15/03/2017,0,0,0.5(0.00 %),0,0,0,0,3912870,0.09
16/03/2017,0,0,0.5(0.00 %),0,0,0,0,3912870,0.09
17/03/2017,0,0,0.5(0.00 %),0,0,0,0,3912870,0.09
20/03/2017,0,0,0.5(0.00 %),0,0,0,0,3912870,0.09
21/03/2017,0,0,0.5(0.00 %),0,0,0,0,3912870,0.09
22/03/2017,0,0,0.5(0.00 %),0,0,0,0,3912870,0.09
23/03/2017,0,0,0.5(0.00 %),0,0,0,0,3912870,0.09
24/03/2017,0,0,0.5(0.00 %),0,0,0,0,3912870,0.09
27/03/2017,0,0,0.5(0.00 %),0,0,0,0,3912870,0.09
28/03/2017,0,0,0.5(0.00 %),0,0,0,0,3912870,0.09
29/03/2017,0,0,0.5(0.00 %),0,0,0,0,3912870,0.09
30/03/2017,0,0,0.5(0.00 %),0,0,0,0,3912870,0.09
31/03/2017,0,0,0.5(0.00 %),0,0,0,0,3912870,0.09
03/04/2017,0,0,0.5(0.00 %),0,0,0,0,3912870,0.09
04/04/2017,0,0,0.5(0.00 %),0,0,0,0,3912870,0.09
05/04/2017,0,0,0.5(0.00 %),0,0,0,0,3912870,0.09
07/04/2017,0,0,0.5(0.00 %),0,0,0,0,3912870,0.09
10/04/2017,0,0,0.5(0.00 %),0,0,0,0,3912870,0.09
11/04/2017,0,0,0.5(0.00 %),0,0,0,0,3912870,0.09
12/04/2017,0,0,0.5(0.00 %),0,0,0,0,3912870,0.09
13/04/2017,0,0,0.5(0.00 %),0,0,0,0,3912870,0.09
14/04/2017,0,0,0.5(0.00 %),0,0,0,0,3912870,0.09
17/04/2017,0,0,0.5(0.00 %),0,0,0,0,3912870,0.09
18/04/2017,0,0,0.5(0.00 %),0,0,0,0,3912870,0.09
19/04/2017,0,0,0.5(0.00 %),0,0,0,0,3912870,0.09
20/04/2017,0,0,0.5(0.00 %),0,0,0,0,3912870,0.09
21/04/2017,0,0,0.5(0.00 %),0,0,0,0,3912870,0.09
24/04/2017,0,0,0.5(0.00 %),0,0,0,0,3912870,0.09
25/04/2017,0,0,0.5(0.00 %),0,0,0,0,3912870,0.09
26/04/2017,0,0,0.5(0.00 %),0,0,0,0,3912870,0.09
27/04/2017,0,0,0.5(0.00 %),0,0,0,0,3912870,0.09
28/04/2017,0,0,0.5(0.00 %),0,0,0,0,3912870,0.09
03/05/2017,0,0,0.5(0.00 %),0,0,0,0,3912870,0.09
04/05/2017,0,0,0.5(0.00 %),0,0,0,0,3912870,0.09
05/05/2017,0,0,0.5(0.00 %),0,0,0,0,3912870,0.09
08/05/2017,0,0,0.5(0.00 %),0,0,0,0,3912870,0.09
09/05/2017,0,0,0.5(0.00 %),0,0,0,0,3912870,0.09
10/05/2017,0,0,0.5(0.00 %),0,0,0,0,3912870,0.09
11/05/2017,0,0,0.5(0.00 %),0,0,0,0,3912870,0.09
12/05/2017,0,0,0.5(0.00 %),0,0,0,0,3912870,0.09
15/05/2017,0,0,0.5(0.00 %),0,0,0,0,3912870,0.09
16/05/2017,0,0,0.5(0.00 %),0,0,0,0,3912870,0.09
17/05/2017,0,0,0.5(0.00 %),0,0,0,0,3912870,0.09
18/05/2017,0,0,0.5(0.00 %),0,0,0,0,3912870,0.09
19/05/2017,0,0,0.5(0.00 %),0,0,0,0,3912870,0.09
22/05/2017,0,0,0.5(0.00 %),0,0,0,0,3912870,0.09
23/05/2017,0,0,0.5(0.00 %),0,0,0,0,3912870,0.09
24/05/2017,0,0,0.5(0.00 %),0,0,0,0,3912870,0.09
25/05/2017,0,0,0.5(0.00 %),0,0,0,0,3912870,0.09
26/05/2017,0,0,0.5(0.00 %),0,0,0,0,3912870,0.09
29/05/2017,0,0,0.5(0.00 %),0,0,0,0,3912870,0.09
30/05/2017,0,0,0.5(0.00 %),0,0,0,0,3912870,0.09
31/05/2017,0,0,0.5(0.00 %),0,0,0,0,3912870,0.09
01/06/2017,0,0,0.5(0.00 %),0,0,0,0,3912870,0.09
02/06/2017,0,0,0.5(0.00 %),0,0,0,0,3912870,0.09
05/06/2017,0,0,0.5(0.00 %),0,0,0,0,3912870,0.09
06/06/2017,0,0,0.5(0.00 %),0,0,0,0,3912870,0.09
07/06/2017,0,0,0.5(0.00 %),0,0,0,0,3912870,0.09
08/06/2017,0,0,0.5(0.00 %),0,0,0,0,3912870,0.09
09/06/2017,0,0,0.5(0.00 %),0,0,0,0,3912870,0.09
12/06/2017,0,0,0.5(0.00 %),0,0,0,0,3912870,0.09
13/06/2017,0,0,0.5(0.00 %),0,0,0,0,3912870,0.09
14/06/2017,0,0,0.5(0.00 %),0,0,0,0,3912870,0.09
16/06/2017,0,0,0.5(0.00 %),0,0,0,0,3912870,0.09
19/06/2017,0,0,0.5(0.00 %),0,0,0,0,3912870,0.09
20/06/2017,0,0,0.5(0.00 %),0,0,0,0,3912870,0.09
21/06/2017,0,0,0.5(0.00 %),0,0,0,0,3912870,0.09
22/06/2017,0,0,0.5(0.00 %),0,0,0,0,3912870,0.09
23/06/2017,0,0,0.5(0.00 %),0,0,0,0,3912870,0.09
26/06/2017,0,0,0.5(0.00 %),0,0,0,0,3912870,0.09
27/06/2017,0,0,0.5(0.00 %),0,0,0,0,3912870,0.09
28/06/2017,0,0,0.5(0.00 %),0,0,0,0,3912870,0.09
29/06/2017,0,0,0.5(0.00 %),0,0,0,0,3912870,0.09
30/06/2017,0,0,0.5(0.00 %),0,0,0,0,3912870,0.09
03/07/2017,0,0,0.5(0.00 %),0,0,0,0,3912870,0.09
04/07/2017,0,0,0.5(0.00 %),0,0,0,0,3912870,0.09
05/07/2017,0,0,0.5(0.00 %),0,0,0,0,3912870,0.09
06/07/2017,0,0,0.5(0.00 %),0,0,0,0,3912870,0.09
07/07/2017,0,0,0.5(0.00 %),0,0,0,0,3912870,0.09
10/07/2017,0,0,0.5(0.00 %),0,0,0,0,3912870,0.09
11/07/2017,0,0,0.5(0.00 %),0,0,0,0,3912870,0.09
12/07/2017,0,0,0.5(0.00 %),0,0,0,0,3912870,0.09
13/07/2017,0,0,0.5(0.00 %),0,0,0,0,3912870,0.09
14/07/2017,0,0,0.5(0.00 %),0,0,0,0,3912870,0.09
17/07/2017,0,0,0.5(0.00 %),0,0,0,0,3912870,0.09
18/07/2017,0,0,0.5(0.00 %),0,0,0,0,3912870,0.09
19/07/2017,0,0,0.5(0.00 %),0,0,0,0,3912870,0.09
20/07/2017,0,0,0.5(0.00 %),0,0,0,0,3912870,0.09
21/07/2017,0,0,0.5(0.00 %),0,0,0,0,3912870,0.09
24/07/2017,0,0,0.5(0.00 %),0,0,0,0,3912870,0.09
25/07/2017,0,0,0.5(0.00 %),0,0,0,0,3912870,0.09
26/07/2017,0,0,0.5(0.00 %),0,0,0,0,3912870,0.09
27/07/2017,0,0,0.5(0.00 %),0,0,0,0,3912870,0.09
28/07/2017,0,0,0.5(0.00 %),0,0,0,0,3912870,0.09
31/07/2017,0,0,0.5(0.00 %),0,0,0,0,3912870,0.09
01/08/2017,0,0,0.5(0.00 %),0,0,0,0,3912870,0.09
02/08/2017,0,0,0.5(0.00 %),0,0,0,0,3912870,0.09
03/08/2017,0,0,0.5(0.00 %),0,0,0,0,3912870,0.09
04/08/2017,0,0,0.5(0.00 %),0,0,0,0,3912870,0.09
07/08/2017,0,0,0.5(0.00 %),0,0,0,0,3912870,0.09
08/08/2017,0,0,0.5(0.00 %),0,0,0,0,3912870,0.09
09/08/2017,0,0,0.5(0.00 %),0,0,0,0,3912870,0.09
10/08/2017,0,0,0.5(0.00 %),0,0,0,0,3912870,0.09
11/08/2017,0,0,0.5(0.00 %),0,0,0,0,3912870,0.09
14/08/2017,0,0,0.5(0.00 %),0,0,0,0,3912870,0.09
15/08/2017,0,0,0.5(0.00 %),0,0,0,0,3912870,0.09
16/08/2017,0,0,0.5(0.00 %),0,0,0,0,3912870,0.09
17/08/2017,0,0,0.5(0.00 %),0,0,0,0,3912870,0.09
18/08/2017,0,0,0.5(0.00 %),0,0,0,0,3912870,0.09
21/08/2017,0,0,0.5(0.00 %),0,0,0,0,3912870,0.09
22/08/2017,0,0,0.5(0.00 %),0,0,0,0,3912870,0.09
23/08/2017,0,0,0.5(0.00 %),0,0,0,0,3912870,0.09
24/08/2017,0,0,0.5(0.00 %),0,0,0,0,3912870,0.09
25/08/2017,0,0,0.5(0.00 %),0,0,0,0,3912870,0.09
28/08/2017,0,0,0.5(0.00 %),0,0,0,0,3912870,0.09
29/08/2017,0,0,0.5(0.00 %),0,0,0,0,3912870,0.09
30/08/2017,0,0,0.5(0.00 %),0,0,0,0,3912870,0.09
31/08/2017,0,0,0.5(0.00 %),0,0,0,0,3912870,0.09
01/09/2017,0,0,0.5(0.00 %),0,0,0,0,3912870,0.09
05/09/2017,0,0,0.5(0.00 %),0,0,0,0,3912870,0.09
06/09/2017,0,0,0.5(0.00 %),0,0,0,0,3912870,0.09
07/09/2017,0,0,0.5(0.00 %),0,0,0,0,3912870,0.09
08/09/2017,0,0,0.5(0.00 %),0,0,0,0,3912870,0.09
12/09/2017,0,0,0.5(0.00 %),0,0,0,0,3912870,0.09
13/09/2017,0,0,0.5(0.00 %),0,0,0,0,3912870,0.09
15/09/2017,0,0,0.5(0.00 %),0,0,0,0,3912870,0.09
18/09/2017,0,0,0.5(0.00 %),0,0,0,0,3912870,0.09
19/09/2017,0,0,0.5(0.00 %),0,0,0,0,3912870,0.09
20/09/2017,0,0,0.5(0.00 %),0,0,0,0,3912870,0.09
21/09/2017,0,0,0.5(0.00 %),0,0,0,0,3912870,0.09
22/09/2017,0,0,0.5(0.00 %),0,0,0,0,3912870,0.09
25/09/2017,0,0,0.5(0.00 %),0,0,0,0,3912870,0.09
26/09/2017,0,0,0.5(0.00 %),0,0,0,0,3912870,0.09
27/09/2017,0,0,0.5(0.00 %),0,0,0,0,3912870,0.09
28/09/2017,0,0,0.5(0.00 %),0,0,0,0,3912870,0.09
29/09/2017,0,0,0.5(0.00 %),0,0,0,0,3912870,0.09
02/10/2017,0,0,0.5(0.00 %),0,0,0,0,3912870,0.09
03/10/2017,0,0,0.5(0.00 %),0,0,0,0,3912870,0.09
04/10/2017,0,0,0.5(0.00 %),0,0,0,0,3912870,0.09
05/10/2017,0,0,0.5(0.00 %),0,0,0,0,3912870,0.09
06/10/2017,0,0,0.5(0.00 %),0,0,0,0,3912870,0.09
11/10/2017,0,0,0.5(0.00 %),0,0,0,0,3912870,0.09
12/10/2017,0,0,0.5(0.00 %),0,0,0,0,3912870,0.09
16/10/2017,0,0,0.5(0.00 %),0,0,0,0,3912870,0.09
18/10/2017,0,0,0.5(0.00 %),0,0,0,0,3912870,0.09
20/10/2017,0,0,0.5(0.00 %),0,0,0,0,3912870,0.09
23/10/2017,0,0,0.5(0.00 %),0,0,0,0,3912870,0.09
24/10/2017,0,0,0.5(0.00 %),0,0,0,0,3912870,0.09
25/10/2017,0,0,0.5(0.00 %),0,0,0,0,3912870,0.09
26/10/2017,0,0,0.5(0.00 %),0,0,0,0,3912870,0.09
27/10/2017,0,0,0.5(0.00 %),0,0,0,0,3912870,0.09
30/10/2017,0,0,0.5(0.00 %),0,0,0,0,3912870,0.09
31/10/2017,0,0,0.5(0.00 %),0,0,0,0,3912870,0.09
01/11/2017,0,0,0.5(0.00 %),0,0,0,0,3912870,0.09
02/11/2017,0,0,0.5(0.00 %),0,0,0,0,3912870,0.09
03/11/2017,0,0,0.5(0.00 %),0,0,0,0,3912870,0.09
06/11/2017,0,0,0.5(0.00 %),0,0,0,0,3912870,0.09
07/11/2017,0,0,0.5(0.00 %),0,0,0,0,3912870,0.09
08/11/2017,0,0,0.5(0.00 %),0,0,0,0,3912870,0.09
09/11/2017,0,0,0.5(0.00 %),0,0,0,0,3912870,0.09
10/11/2017,0,0,0.5(0.00 %),0,0,0,0,3912870,0.09
13/11/2017,0,0,0.5(0.00 %),0,0,0,0,3912870,0.09
14/11/2017,0,0,0.5(0.00 %),0,0,0,0,3912870,0.09
15/11/2017,0,0,0.5(0.00 %),0,0,0,0,3912870,0.09
16/11/2017,0,0,0.5(0.00 %),0,0,0,0,3912870,0.09
17/11/2017,0,0,0.5(0.00 %),0,0,0,0,3912870,0.09
20/11/2017,0,0,0.5(0.00 %),0,0,0,0,3912870,0.09
21/11/2017,0,0,0.5(0.00 %),0,0,0,0,3912870,0.09
22/11/2017,0,0,0.5(0.00 %),0,0,0,0,3912870,0.09
23/11/2017,0,0,0.5(0.00 %),0,0,0,0,3912870,0.09
24/11/2017,0,0,0.5(0.00 %),0,0,0,0,3912870,0.09
27/11/2017,0,0,0.5(0.00 %),0,0,0,0,3912870,0.09
28/11/2017,0,0,0.5(0.00 %),0,0,0,0,3912870,0.09
29/11/2017,0,0,0.5(0.00 %),0,0,0,0,3912870,0.09
30/11/2017,0,0,0.5(0.00 %),0,0,0,0,3912870,0.09
01/12/2017,0,0,0.5(0.00 %),0,0,0,0,3912870,0.09
04/12/2017,0,0,0.5(0.00 %),0,0,0,0,3912870,0.09
05/12/2017,0,0,0.5(0.00 %),0,0,0,0,3912870,0.09
06/12/2017,0,0,0.5(0.00 %),0,0,0,0,3912870,0.09
07/12/2017,0,0,0.5(0.00 %),0,0,0,0,3912870,0.09
08/12/2017,0,0,0.5(0.00 %),0,0,0,0,3912870,0.09
11/12/2017,0,0,0.5(0.00 %),0,0,0,0,3912870,0.09
12/12/2017,0,0,0.5(0.00 %),0,0,0,0,3912870,0.09
13/12/2017,0,0,0.5(0.00 %),0,0,0,0,3912870,0.09
14/12/2017,0,0,0.5(0.00 %),0,0,0,0,3912870,0.09
15/12/2017,0,0,0.5(0.00 %),0,0,0,0,3912870,0.09
18/12/2017,0,0,0.5(0.00 %),0,0,0,0,3912870,0.09
19/12/2017,0,0,0.5(0.00 %),0,0,0,0,3912870,0.09
20/12/2017,0,0,0.5(0.00 %),0,0,0,0,3912870,0.09
21/12/2017,0,0,0.5(0.00 %),0,0,0,0,3912870,0.09
22/12/2017,0,0,0.5(0.00 %),0,0,0,0,3912870,0.09
25/12/2017,0,0,0.5(0.00 %),0,0,0,0,3912870,0.09
26/12/2017,0,0,0.5(0.00 %),0,0,0,0,3912870,0.09
27/12/2017,0,0,0.5(0.00 %),0,0,0,0,3912870,0.09
28/12/2017,0,0,0.5(0.00 %),0,0,0,0,3912870,0.09
29/12/2017,0,0,0.5(0.00 %),0,0,0,0,3912870,0.09
02/01/2018,0,0,0.5(0.00 %),0,0,0,0,3912870,0.09
03/01/2018,0,0,0.5(0.00 %),0,0,0,0,3912870,0.09
04/01/2018,0,0,0.5(0.00 %),0,0,0,0,3912870,0.09
05/01/2018,0,0,0.5(0.00 %),0,0,0,0,3912870,0.09
08/01/2018,0,0,0.5(0.00 %),0,0,0,0,3912870,0.09
09/01/2018,0,0,0.5(0.00 %),0,0,0,0,3912870,0.09
10/01/2018,0,0,0.5(0.00 %),0,0,0,0,3912870,0.09
11/01/2018,0,0,0.5(0.00 %),0,0,0,0,3912870,0.09
12/01/2018,0,0,0.5(0.00 %),0,0,0,0,3912870,0.09
15/01/2018,0,0,0.5(0.00 %),0,0,0,0,3912870,0.09
16/01/2018,0,0,0.5(0.00 %),0,0,0,0,3912870,0.09
17/01/2018,0,0,0.5(0.00 %),0,0,0,0,3912870,0.09
18/01/2018,0,0,0.5(0.00 %),0,0,0,0,3912870,0.09
19/01/2018,0,0,0.5(0.00 %),0,0,0,0,3912870,0.09
22/01/2018,0,0,0.5(0.00 %),0,0,0,0,3912870,0.09
23/01/2018,0,0,0.5(0.00 %),0,0,0,0,3912870,0.09
24/01/2018,0,0,0.5(0.00 %),0,0,0,0,3912870,0.09
25/01/2018,0,0,0.5(0.00 %),0,0,0,0,3912870,0.09
26/01/2018,0,0,0.5(0.00 %),0,0,0,0,3912870,0.09
29/01/2018,0,0,0.5(0.00 %),0,0,0,0,3912870,0.09
30/01/2018,0,0,0.5(0.00 %),0,0,0,0,3912870,0.09
31/01/2018,0,0,0.5(0.00 %),0,0,0,0,3912870,0.09
01/02/2018,0,0,0.5(0.00 %),0,0,0,0,3912870,0.09
02/02/2018,0,0,0.5(0.00 %),0,0,0,0,3912870,0.09
05/02/2018,0,0,0.5(0.00 %),0,0,0,0,3912870,0.09
06/02/2018,0,0,0.5(0.00 %),0,0,0,0,3912870,0.09
07/02/2018,0,0,0.5(0.00 %),0,0,0,0,3912870,0.09
08/02/2018,0,0,0.5(0.00 %),0,0,0,0,3912870,0.09
09/02/2018,0,0,0.5(0.00 %),0,0,0,0,3912870,0.09
12/02/2018,0,0,0.5(0.00 %),0,0,0,0,3912870,0.09
13/02/2018,0,0,0.5(0.00 %),0,0,0,0,3912870,0.09
21/02/2018,0,0,0.5(0.00 %),0,0,0,0,3912870,0.09
22/02/2018,0,0,0.5(0.00 %),0,0,0,0,3912870,0.09
23/02/2018,0,0,0.5(0.00 %),0,0,0,0,3912870,0.09
26/02/2018,0,0,0.5(0.00 %),0,0,0,0,3912870,0.09
27/02/2018,0,0,0.5(0.00 %),0,0,0,0,3912870,0.09
28/02/2018,0,0,0.5(0.00 %),0,0,0,0,3912870,0.09
01/03/2018,0,0,0.5(0.00 %),0,0,0,0,3912870,0.09
02/03/2018,0,0,0.5(0.00 %),0,0,0,0,3912870,0.09
05/03/2018,0,0,0.5(0.00 %),0,0,0,0,3912870,0.09
06/03/2018,0,0,0.5(0.00 %),0,0,0,0,3912870,0.09
07/03/2018,0,0,0.5(0.00 %),0,0,0,0,3912870,0.09
08/03/2018,0,0,0.5(0.00 %),0,0,0,0,3912870,0.09
09/03/2018,0,0,0.5(0.00 %),0,0,0,0,3912870,0.09
12/03/2018,0,0,0.5(0.00 %),0,0,0,0,3912870,0.09
13/03/2018,0,0,0.5(0.00 %),0,0,0,0,3912870,0.09
14/03/2018,0,0,0.5(0.00 %),0,0,0,0,3912870,0.09
15/03/2018,0,0,0.5(0.00 %),0,0,0,0,3912870,0.09
16/03/2018,0,0,0.5(0.00 %),0,0,0,0,3912870,0.09
19/03/2018,0,0,0.5(0.00 %),0,0,0,0,3912870,0.09
20/03/2018,0,0,0.5(0.00 %),0,0,0,0,3912870,0.09
21/03/2018,0,0,0.5(0.00 %),0,0,0,0,3912870,0.09
22/03/2018,0,0,0.5(0.00 %),0,0,0,0,3912870,0.09
23/03/2018,0,0,0.5(0.00 %),0,0,0,0,3912870,0.09
26/03/2018,0,0,0.5(0.00 %),0,0,0,0,3912870,0.09
27/03/2018,0,0,0.5(0.00 %),0,0,0,0,3912870,0.09
28/03/2018,0,0,0.5(0.00 %),0,0,0,0,3912870,0.09
29/03/2018,0,0,0.5(0.00 %),0,0,0,0,3912870,0.09
30/03/2018,0,0,0.5(0.00 %),0,0,0,0,3912870,0.09
02/04/2018,0,0,0.5(0.00 %),0,0,0,0,3912870,0.09
03/04/2018,0,0,0.5(0.00 %),0,0,0,0,3912870,0.09
04/04/2018,0,0,0.5(0.00 %),0,0,0,0,3912870,0.09
05/04/2018,0,0,0.5(0.00 %),0,0,0,0,3912870,0.09
06/04/2018,0,0,0.5(0.00 %),0,0,0,0,3912870,0.09
09/04/2018,0,0,0.5(0.00 %),0,0,0,0,3912870,0.09
10/04/2018,0,0,0.5(0.00 %),0,0,0,0,3912870,0.09
11/04/2018,0,0,0.5(0.00 %),0,0,0,0,3912870,0.09
12/04/2018,0,0,0.5(0.00 %),0,0,0,0,3912870,0.09
13/04/2018,0,0,0.5(0.00 %),0,0,0,0,3912870,0.09
16/04/2018,0,0,0.5(0.00 %),0,0,0,0,3912870,0.09
17/04/2018,0,0,0.5(0.00 %),0,0,0,0,3912870,0.09
18/04/2018,0,0,0.5(0.00 %),0,0,0,0,3912870,0.09
19/04/2018,0,0,0.5(0.00 %),0,0,0,0,3912870,0.09
20/04/2018,0,0,0.5(0.00 %),0,0,0,0,3912870,0.09
24/04/2018,0,0,0.5(0.00 %),0,0,0,0,3912870,0.09
26/04/2018,0,0,0.5(0.00 %),0,0,0,0,3912870,0.09
27/04/2018,0,0,0.5(0.00 %),0,0,0,0,3912870,0.09
02/05/2018,0,0,0.5(0.00 %),0,0,0,0,3912870,0.09
03/05/2018,0,0,0.5(0.00 %),0,0,0,0,3912870,0.09
04/05/2018,0,0,0.5(0.00 %),0,0,0,0,3912870,0.09
07/05/2018,0,0,0.5(0.00 %),0,0,0,0,3912870,0.09
09/05/2018,0,0,0.5(0.00 %),0,0,0,0,3912870,0.09
10/05/2018,0,0,0.5(0.00 %),0,0,0,0,3912870,0.09
11/05/2018,0,0,0.5(0.00 %),0,0,0,0,3912870,0.09
14/05/2018,0,0,0.5(0.00 %),0,0,0,0,3912870,0.09
15/05/2018,0,0,0.5(0.00 %),0,0,0,0,3912870,0.09
16/05/2018,0,0,0.5(0.00 %),0,0,0,0,3912870,0.09
17/05/2018,0,0,0.5(0.00 %),0,0,0,0,3912870,0.09
18/05/2018,0,0,0.5(0.00 %),0,0,0,0,3912870,0.09
21/05/2018,0,0,0.5(0.00 %),0,0,0,0,3912870,0.09
22/05/2018,0,0,0.5(0.00 %),0,0,0,0,3912870,0.09
23/05/2018,0,0,0.5(0.00 %),0,0,0,0,3912870,0.09
24/05/2018,0,0,0.5(0.00 %),0,0,0,0,3912870,0.09
25/05/2018,0,0,0.5(0.00 %),0,0,0,0,3912870,0.09
28/05/2018,0,0,0.5(0.00 %),0,0,0,0,3912870,0.09
29/05/2018,0,0,0.5(0.00 %),0,0,0,0,3912870,0.09
30/05/2018,0,0,0.5(0.00 %),0,0,0,0,3912870,0.09
31/05/2018,0,0,0.5(0.00 %),0,0,0,0,3912870,0.09
01/06/2018,0,0,0.5(0.00 %),0,0,0,0,3912870,0.09
04/06/2018,0,0,0.5(0.00 %),0,0,0,0,3912870,0.09
05/06/2018,0,0,0.5(0.00 %),0,0,0,0,3912870,0.09
06/06/2018,0,0,0.5(0.00 %),0,0,0,0,3912870,0.09
07/06/2018,0,0,0.5(0.00 %),0,0,0,0,3912870,0.09
08/06/2018,0,0,0.5(0.00 %),0,0,0,0,3912870,0.09
11/06/2018,0,0,0.5(0.00 %),0,0,0,0,3912870,0.09
12/06/2018,0,0,0.5(0.00 %),0,0,0,0,3912870,0.09
13/06/2018,0,0,0.5(0.00 %),0,0,0,0,3912870,0.09
14/06/2018,0,0,0.5(0.00 %),0,0,0,0,3912870,0.09
15/06/2018,0,0,0.5(0.00 %),0,0,0,0,3912870,0.09
18/06/2018,0,0,0.5(0.00 %),0,0,0,0,3912870,0.09
19/06/2018,0,0,0.5(0.00 %),0,0,0,0,3912870,0.09
20/06/2018,0,0,0.5(0.00 %),0,0,0,0,3912870,0.09
21/06/2018,0,0,0.5(0.00 %),0,0,0,0,3912870,0.09
22/06/2018,0,0,0.5(0.00 %),0,0,0,0,3912870,0.09
26/06/2018,0,0,0.5(0.00 %),0,0,0,0,3912870,0.09
27/06/2018,0,0,0.5(0.00 %),0,0,0,0,3912870,0.09
28/06/2018,0,0,0.5(0.00 %),0,0,0,0,3912870,0.09
29/06/2018,0,0,0.5(0.00 %),0,0,0,0,3912870,0.09
02/07/2018,0,0,0.5(0.00 %),0,0,0,0,3912870,0.09
03/07/2018,0,0,0.5(0.00 %),0,0,0,0,3912870,0.09
04/07/2018,0,0,0.5(0.00 %),0,0,0,0,3912870,0.09
05/07/2018,0,0,0.5(0.00 %),0,0,0,0,3912870,0.09
06/07/2018,0,0,0.5(0.00 %),0,0,0,0,3912870,0.09
09/07/2018,0,0,0.5(0.00 %),0,0,0,0,3912870,0.09
10/07/2018,0,0,0.5(0.00 %),0,0,0,0,3912870,0.09
11/07/2018,0,0,0.5(0.00 %),0,0,0,0,3912870,0.09
12/07/2018,0,0,0.5(0.00 %),0,0,0,0,3912870,0.09
13/07/2018,0,0,0.5(0.00 %),0,0,0,0,3912870,0.09
16/07/2018,0,0,0.5(0.00 %),0,0,0,0,3912870,0.09
17/07/2018,0,0,0.5(0.00 %),0,0,0,0,3912870,0.09
18/07/2018,0,0,0.5(0.00 %),0,0,0,0,3912870,0.09
19/07/2018,0,0,0.5(0.00 %),0,0,0,0,3912870,0.09
20/07/2018,0,0,0.5(0.00 %),0,0,0,0,3912870,0.09
23/07/2018,0,0,0.5(0.00 %),0,0,0,0,3912870,0.09
24/07/2018,0,0,0.5(0.00 %),0,0,0,0,3912870,0.09
25/07/2018,0,0,0.5(0.00 %),0,0,0,0,3912870,0.09
26/07/2018,0,0,0.5(0.00 %),0,0,0,0,3912870,0.09
27/07/2018,0,0,0.5(0.00 %),0,0,0,0,3912870,0.09
30/07/2018,0,0,0.5(0.00 %),0,0,0,0,3912870,0.09
31/07/2018,0,0,0.5(0.00 %),0,0,0,0,3912870,0.09
01/08/2018,0,0,0.5(0.00 %),0,0,0,0,3912870,0.09
02/08/2018,0,0,0.5(0.00 %),0,0,0,0,3912870,0.09
03/08/2018,0,0,0.5(0.00 %),0,0,0,0,3912870,0.09
06/08/2018,0,0,0.5(0.00 %),0,0,0,0,3912870,0.09
07/08/2018,0,0,0.5(0.00 %),0,0,0,0,3912870,0.09
08/08/2018,0,0,0.5(0.00 %),0,0,0,0,3912870,0.09
09/08/2018,0,0,0.5(0.00 %),0,0,0,0,3912870,0.09
10/08/2018,0,0,0.5(0.00 %),0,0,0,0,3912870,0.09
13/08/2018,0,0,0.5(0.00 %),0,0,0,0,3912870,0.09
14/08/2018,0,0,0(0.00 %),0,0,0,0,3912870,0.09
15/08/2018,0,0,0.5(0.00 %),0,0,0,0,3912870,0.09
16/08/2018,0,0,0.5(0.00 %),0,0,0,0,3912870,0.09
17/08/2018,0,0,0.5(0.00 %),0,0,0,0,3912870,0.09
20/08/2018,0,0,0.5(0.00 %),0,0,0,0,3912870,0.09
21/08/2018,0,0,0.5(0.00 %),0,0,0,0,3912870,0.09
22/08/2018,0,0,0.5(0.00 %),0,0,0,0,3912870,0.09
23/08/2018,0,0,0.5(0.00 %),0,0,0,0,3912870,0.09
24/08/2018,0,0,0.5(0.00 %),0,0,0,0,3912870,0.09
27/08/2018,0,0,0.5(0.00 %),0,0,0,0,3912870,0.09
28/08/2018,0,0,0.5(0.00 %),0,0,0,0,3912870,0.09
29/08/2018,0,0,0.5(0.00 %),0,0,0,0,3912870,0.09
30/08/2018,0,0,0.5(0.00 %),0,0,0,0,3912870,0.09
31/08/2018,0,0,0.5(0.00 %),0,0,0,0,3912870,0.09
04/09/2018,0,0,0.5(0.00 %),0,0,0,0,3912870,0.09
05/09/2018,0,0,0.5(0.00 %),0,0,0,0,3912870,0.09
07/09/2018,0,0,0.5(0.00 %),0,0,0,0,3912870,0.09
10/09/2018,0,0,0.5(0.00 %),0,0,0,0,3912870,0.09
12/09/2018,0,0,0.5(0.00 %),0,0,0,0,3912870,0.09
13/09/2018,0,0,0.5(0.00 %),0,0,0,0,0,0.0
14/09/2018,0,0,0.5(0.00 %),0,0,0,0,3912870,0.09
17/09/2018,0,0,0.5(0.00 %),0,0,0,0,3912870,0.09
18/09/2018,0,0,0.5(0.00 %),0,0,0,0,3912870,0.09
19/09/2018,0,0,0.5(0.00 %),0,0,0,0,3912870,0.09
20/09/2018,0,0,0.5(0.00 %),0,0,0,0,3912870,0.09
21/09/2018,0,0,0.5(0.00 %),0,0,0,0,3912870,0.09
24/09/2018,0,0,0.5(0.00 %),0,0,0,0,3912870,0.09
25/09/2018,0,0,0.5(0.00 %),0,0,0,0,3912870,0.09
26/09/2018,0,0,0.5(0.00 %),0,0,0,0,3912870,0.09
27/09/2018,0,0,0.5(0.00 %),0,0,0,0,3912870,0.09
28/09/2018,0,0,0.5(0.00 %),0,0,0,0,3912870,0.09
01/10/2018,0,0,0.5(0.00 %),0,0,0,0,3912870,0.09
02/10/2018,0,0,0.5(0.00 %),0,0,0,0,3912870,0.09
03/10/2018,0,0,0.5(0.00 %),0,0,0,0,3912870,0.09
04/10/2018,0,0,0.5(0.00 %),0,0,0,0,3912870,0.09
05/10/2018,0,0,0.5(0.00 %),0,0,0,0,3912870,0.09
08/10/2018,0,0,0.5(0.00 %),0,0,0,0,3912870,0.09
09/10/2018,0,0,0.5(0.00 %),0,0,0,0,3912870,0.09
10/10/2018,0,0,0.5(0.00 %),0,0,0,0,3912870,0.09
11/10/2018,0,0,0.5(0.00 %),0,0,0,0,3912870,0.09
12/10/2018,0,0,0.5(0.00 %),0,0,0,0,3912870,0.09
15/10/2018,0,0,0.5(0.00 %),0,0,0,0,3912870,0.09
16/10/2018,0,0,0.5(0.00 %),0,0,0,0,3912870,0.09
17/10/2018,0,0,0.5(0.00 %),0,0,0,0,3912870,0.09
18/10/2018,0,0,0.5(0.00 %),0,0,0,0,3912870,0.09
19/10/2018,0,0,0.5(0.00 %),0,0,0,0,3912870,0.09
22/10/2018,0,0,0.5(0.00 %),0,0,0,0,3912870,0.09
23/10/2018,0,0,0.5(0.00 %),0,0,0,0,3912870,0.09
24/10/2018,0,0,0.5(0.00 %),0,0,0,0,3912870,0.09
25/10/2018,0,0,0.5(0.00 %),0,0,0,0,3912870,0.09
26/10/2018,0,0,0.5(0.00 %),0,0,0,0,3912870,0.09
29/10/2018,0,0,0.5(0.00 %),0,0,0,0,3912870,0.09
30/10/2018,0,0,0.5(0.00 %),0,0,0,0,3912870,0.09
31/10/2018,0,0,0.5(0.00 %),0,0,0,0,3912870,0.09
01/11/2018,0,0,0.5(0.00 %),0,0,0,0,3912870,0.09
02/11/2018,0,0,0.5(0.00 %),0,0,0,0,3912870,0.09
05/11/2018,0,0,0.5(0.00 %),0,0,0,0,3912870,0.09
06/11/2018,0,0,0.5(0.00 %),0,0,0,0,3912870,0.09
07/11/2018,0,0,0.5(0.00 %),0,0,0,0,3912870,0.09
08/11/2018,0,0,0.5(0.00 %),0,0,0,0,3912870,0.09
09/11/2018,0,0,0.5(0.00 %),0,0,0,0,3912870,0.09
12/11/2018,0,0,0.5(0.00 %),0,0,0,0,3912870,0.09
13/11/2018,0,0,0.5(0.00 %),0,0,0,0,3912870,0.09
14/11/2018,0,0,0.5(0.00 %),0,0,0,0,3912870,0.09
15/11/2018,0,0,0.5(0.00 %),0,0,0,0,3912870,0.09
16/11/2018,0,0,0.5(0.00 %),0,0,0,0,3912870,0.09
19/11/2018,0,0,0.5(0.00 %),0,0,0,0,3912870,0.09
20/11/2018,0,0,0.5(0.00 %),0,0,0,0,3912870,0.09
21/11/2018,0,0,0.5(0.00 %),0,0,0,0,3912870,0.09
22/11/2018,0,0,0.5(0.00 %),0,0,0,0,3912870,0.09
23/11/2018,0,0,0.5(0.00 %),0,0,0,0,3912870,0.09
26/11/2018,0,0,0.5(0.00 %),0,0,0,0,3912870,0.09
27/11/2018,0,0,0.5(0.00 %),0,0,0,0,3912870,0.09
28/11/2018,0,0,0.5(0.00 %),0,0,0,0,3912870,0.09
29/11/2018,0,0,0.5(0.00 %),0,0,0,0,3912870,0.09
30/11/2018,0,0,0.5(0.00 %),0,0,0,0,3912870,0.09
03/12/2018,0,0,0.5(0.00 %),0,0,0,0,3912870,0.09
04/12/2018,0,0,0.5(0.00 %),0,0,0,0,3912870,0.09
05/12/2018,0,0,0.5(0.00 %),0,0,0,0,3912870,0.09
06/12/2018,0,0,0.5(0.00 %),0,0,0,0,3912870,0.09
07/12/2018,0,0,0.5(0.00 %),0,0,0,0,3912870,0.09
10/12/2018,0,0,0.5(0.00 %),0,0,0,0,3912870,0.09
11/12/2018,0,0,0.5(0.00 %),0,0,0,0,3912870,0.09
12/12/2018,0,0,0.5(0.00 %),0,0,0,0,3912870,0.09
13/12/2018,0,0,0.5(0.00 %),0,0,0,0,3912870,0.09
14/12/2018,0,0,0.5(0.00 %),0,0,0,0,3912870,0.09
17/12/2018,0,0,0.5(0.00 %),0,0,0,0,3912870,0.09
18/12/2018,0,0,0.5(0.00 %),0,0,0,0,3912870,0.09
19/12/2018,0,0,0.5(0.00 %),0,0,0,0,3912870,0.09
20/12/2018,0,0,0.5(0.00 %),0,0,0,0,3912870,0.09
21/12/2018,0,0,0.5(0.00 %),0,0,0,0,3912870,0.09
24/12/2018,0,0,0.5(0.00 %),0,0,0,0,3912870,0.09
25/12/2018,0,0,0.5(0.00 %),0,0,0,0,3912870,0.09
26/12/2018,0,0,0.5(0.00 %),0,0,0,0,3912870,0.09
27/12/2018,0,0,0.5(0.00 %),0,0,0,0,3912870,0.09
28/12/2018,0,0,0.5(0.00 %),0,0,0,0,3912870,0.09
02/01/2019,0,0,0.5(0.00 %),0,0,0,0,3912870,0.09
03/01/2019,0,0,0.5(0.00 %),0,0,0,0,3912870,0.09
04/01/2019,0,0,0.5(0.00 %),0,0,0,0,3912870,0.09
07/01/2019,0,0,0.5(0.00 %),0,0,0,0,3912870,0.09
08/01/2019,0,0,0.5(0.00 %),0,0,0,0,3912870,0.09
10/01/2019,0,0,0.5(0.00 %),0,0,0,0,3912870,0.09
11/01/2019,0,0,0.5(0.00 %),0,0,0,0,3912870,0.09
14/01/2019,0,0,0.5(0.00 %),0,0,0,0,3912870,0.0
15/01/2019,0,0,0.5(0.00 %),0,0,0,0,3912870,0.0
16/01/2019,0,0,0.5(0.00 %),0,0,0,0,3912870,0.0
17/01/2019,0,0,0.5(0.00 %),0,0,0,0,3912870,0.0
18/01/2019,0,0,0.5(0.00 %),0,0,0,0,3912870,0.0
21/01/2019,0,0,0.5(0.00 %),0,0,0,0,3912870,0.0
22/01/2019,0,0,0.5(0.00 %),0,0,0,0,3912870,0.0
24/01/2019,0,0,0.5(0.00 %),0,0,0,0,3912870,0.0
25/01/2019,0,0,0.5(0.00 %),0,0,0,0,3912870,0.0
28/01/2019,0,0,0.5(0.00 %),0,0,0,0,3912870,0.0
29/01/2019,0,0,0.5(0.00 %),0,0,0,0,3912870,0.0
30/01/2019,0,0,0.5(0.00 %),0,0,0,0,3912870,0.0
31/01/2019,0,0,0.5(0.00 %),0,0,0,0,3912870,0.0
01/02/2019,0,0,0.5(0.00 %),0,0,0,0,3912870,0.0
11/02/2019,0,0,0.5(0.00 %),0,0,0,0,3912870,0.0
12/02/2019,0,0,0.5(0.00 %),0,0,0,0,3912870,0.0
13/02/2019,0,0,0.5(0.00 %),0,0,0,0,3912870,0.0
14/02/2019,0,0,0.5(0.00 %),0,0,0,0,3912870,0.0
15/02/2019,0,0,0.5(0.00 %),0,0,0,0,3912870,0.0
18/02/2019,0,0,0.5(0.00 %),0,0,0,0,3912870,0.0
19/02/2019,0,0,0.5(0.00 %),0,0,0,0,3912870,0.0
20/02/2019,0,0,0.5(0.00 %),0,0,0,0,3912870,0.0
21/02/2019,0,0,0.5(0.00 %),0,0,0,0,3912870,0.0
22/02/2019,0,0,0.5(0.00 %),0,0,0,0,3912870,0.0
25/02/2019,0,0,0.5(0.00 %),0,0,0,0,3912870,0.0
26/02/2019,0,0,0.5(0.00 %),0,0,0,0,3912870,0.0
27/02/2019,0,0,0.5(0.00 %),0,0,0,0,3912870,0.0
28/02/2019,0,0,0.5(0.00 %),0,0,0,0,3912870,0.09
01/03/2019,0,0,0.5(0.00 %),0,0,0,0,3912870,0.0
04/03/2019,0,0,0.5(0.00 %),0,0,0,0,3912870,0.0
05/03/2019,0,0,0.5(0.00 %),0,0,0,0,3912870,0.0
06/03/2019,0,0,0.5(0.00 %),0,0,0,0,3912870,0.0
07/03/2019,0,0,0.5(0.00 %),0,0,0,0,3912870,0.0
08/03/2019,0,0,0.5(0.00 %),0,0,0,0,3912870,0.0
11/03/2019,0,0,0.5(0.00 %),0,0,0,0,3912870,0.0
12/03/2019,0,0,0.5(0.00 %),0,0,0,0,3912870,0.0
13/03/2019,0,0,0.5(0.00 %),0,0,0,0,3912870,0.0
14/03/2019,0,0,0.5(0.00 %),0,0,0,0,3912870,0.0
15/03/2019,0,0,0.5(0.00 %),0,0,0,0,3912870,0.0
18/03/2019,0,0,0.5(0.00 %),0,0,0,0,3912870,0.0
19/03/2019,0,0,0.5(0.00 %),0,0,0,0,3912870,0.0
20/03/2019,0,0,0.5(0.00 %),0,0,0,0,3912870,0.0
21/03/2019,0,0,0.5(0.00 %),0,0,0,0,3912870,0.0
22/03/2019,0,0,0.5(0.00 %),0,0,0,0,3912870,0.0
25/03/2019,0,0,0.5(0.00 %),0,0,0,0,3912870,0.0
26/03/2019,0,0,0.5(0.00 %),0,0,0,0,3912870,0.0
27/03/2019,0,0,0.5(0.00 %),0,0,0,0,3912870,0.0
28/03/2019,0,0,0.5(0.00 %),0,0,0,0,3912870,0.0
29/03/2019,0,0,0.5(0.00 %),0,0,0,0,3912870,0.0
01/04/2019,0,0,0.5(0.00 %),0,0,0,0,3912870,0.0
02/04/2019,0,0,0.5(0.00 %),0,0,0,0,3912870,0.0
03/04/2019,0,0,0.5(0.00 %),0,0,0,0,3912870,0.0
04/04/2019,0,0,0.5(0.00 %),0,0,0,0,3912870,0.0
05/04/2019,0,0,0.5(0.00 %),0,0,0,0,3912870,0.0
08/04/2019,0,0,0.5(0.00 %),0,0,0,0,3912870,0.0
09/04/2019,0,0,0.5(0.00 %),0,0,0,0,3912870,0.0
10/04/2019,0,0,0.5(0.00 %),0,0,0,0,3912870,0.0
11/04/2019,0,0,0.5(0.00 %),0,0,0,0,3912870,0.0
12/04/2019,0,0,0.5(0.00 %),0,0,0,0,3912870,0.0
16/04/2019,0,0,0.5(0.00 %),0,0,0,0,3912870,0.0
17/04/2019,0,0,0.5(0.00 %),0,0,0,0,3912870,0.0
18/04/2019,0,0,0.5(0.00 %),0,0,0,0,3912870,0.0
19/04/2019,0,0,0.5(0.00 %),0,0,0,0,3912870,0.0
22/04/2019,0,0,0.5(0.00 %),0,0,0,0,3912870,0.0
23/04/2019,0,0,0.5(0.00 %),0,0,0,0,3912870,0.0
24/04/2019,0,0,0.5(0.00 %),0,0,0,0,3912870,0.0
25/04/2019,0,0,0.5(0.00 %),0,0,0,0,3912870,0.0
26/04/2019,0,0,0.5(0.00 %),0,0,0,0,3912870,0.0
02/05/2019,0,0,0.5(0.00 %),0,0,0,0,3912870,0.0
03/05/2019,0,0,0.5(0.00 %),0,0,0,0,3912870,0.0
06/05/2019,0,0,0.5(0.00 %),0,0,0,0,3912870,0.0
07/05/2019,0,0,0.5(0.00 %),0,0,0,0,3912870,0.0
08/05/2019,0,0,0.5(0.00 %),0,0,0,0,3912870,0.0
09/05/2019,0,0,0.5(0.00 %),0,0,0,0,3912870,0.0
10/05/2019,0,0,0.5(0.00 %),0,0,0,0,3912870,0.0
13/05/2019,0,0,0.5(0.00 %),0,0,0,0,3912870,0.0
14/05/2019,0,0,0.5(0.00 %),0,0,0,0,3912870,0.0
15/05/2019,0,0,0.5(0.00 %),0,0,0,0,3912870,0.0
16/05/2019,0,0,0.5(0.00 %),0,0,0,0,3912870,0.0
17/05/2019,0,0,0.5(0.00 %),0,0,0,0,3912870,0.0
20/05/2019,0,0,0.5(0.00 %),0,0,0,0,3912870,0.0
21/05/2019,0,0,0.5(0.00 %),0,0,0,0,3912870,0.0
22/05/2019,0,0,0.5(0.00 %),0,0,0,0,3912870,0.0
23/05/2019,0,0,0.5(0.00 %),0,0,0,0,3912870,0.0
24/05/2019,0,0,0.5(0.00 %),0,0,0,0,3912870,0.0
27/05/2019,0,0,0.5(0.00 %),0,0,0,0,3912870,0.0
28/05/2019,0,0,0.5(0.00 %),0,0,0,0,3912870,0.0
29/05/2019,0,0,0.5(0.00 %),0,0,0,0,3912870,0.0
30/05/2019,0,0,0.5(0.00 %),0,0,0,0,3912870,0.0
31/05/2019,0,0,0.5(0.00 %),0,0,0,0,3912870,0.0
03/06/2019,0,0,0.5(0.00 %),0,0,0,0,3912870,0.0
04/06/2019,0,0,0.5(0.00 %),0,0,0,0,3912870,0.0
05/06/2019,0,0,0.5(0.00 %),0,0,0,0,3912870,0.0
06/06/2019,0,0,0.5(0.00 %),0,0,0,0,3912870,0.0
07/06/2019,0,0,0.5(0.00 %),0,0,0,0,3912870,0.0
10/06/2019,0,0,0.5(0.00 %),0,0,0,0,3912870,0.0
11/06/2019,0,0,0.5(0.00 %),0,0,0,0,3912870,0.0
12/06/2019,0,0,0.5(0.00 %),0,0,0,0,3912870,0.0
13/06/2019,0,0,0.5(0.00 %),0,0,0,0,3912870,0.0
14/06/2019,0,0,0.5(0.00 %),0,0,0,0,3912870,0.0
17/06/2019,0,0,0.5(0.00 %),0,0,0,0,3912870,0.0
18/06/2019,0,0,0.5(0.00 %),0,0,0,0,3912870,0.0
19/06/2019,0,0,0.5(0.00 %),0,0,0,0,3912870,0.0
20/06/2019,0,0,0.5(0.00 %),0,0,0,0,3912870,0.0
21/06/2019,0,0,0.5(0.00 %),0,0,0,0,3912870,0.0
24/06/2019,0,0,0.5(0.00 %),0,0,0,0,3912870,0.0
25/06/2019,0,0,0.5(0.00 %),0,0,0,0,3912870,0.0
26/06/2019,0,0,0.5(0.00 %),0,0,0,0,3912870,0.0
27/06/2019,0,0,0.5(0.00 %),0,0,0,0,3912870,0.0
28/06/2019,0,0,0.5(0.00 %),0,0,0,0,3912870,0.0
01/07/2019,0,0,0.5(0.00 %),0,0,0,0,3912870,0.0
02/07/2019,0,0,0.5(0.00 %),0,0,0,0,3912870,0.0
03/07/2019,0,0,0.5(0.00 %),0,0,0,0,3912870,0.0
04/07/2019,0,0,0.5(0.00 %),0,0,0,0,3912870,0.0
05/07/2019,0,0,0.5(0.00 %),0,0,0,0,3912870,0.09
08/07/2019,0,0,0.5(0.00 %),0,0,0,0,3912870,0.0
09/07/2019,0,0,0.5(0.00 %),0,0,0,0,3912870,0.0
10/07/2019,0,0,0.5(0.00 %),0,0,0,0,3912870,0.0
11/07/2019,0,0,0.5(0.00 %),0,0,0,0,3912870,0.0
12/07/2019,0,0,0.5(0.00 %),0,0,0,0,3912870,0.0
15/07/2019,0,0,0.5(0.00 %),0,0,0,0,3912870,0.0
16/07/2019,0,0,0.5(0.00 %),0,0,0,0,3912870,0.0
17/07/2019,0,0,0.5(0.00 %),0,0,0,0,3912870,0.0
18/07/2019,0,0,0.5(0.00 %),0,0,0,0,3912870,0.0
19/07/2019,0,0,0.5(0.00 %),0,0,0,0,3912870,0.0
22/07/2019,0,0,0.5(0.00 %),0,0,0,0,3912870,0.0
23/07/2019,0,0,0.5(0.00 %),0,0,0,0,3912870,0.0
24/07/2019,0,0,0.5(0.00 %),0,0,0,0,3912870,0.0
25/07/2019,0,0,0.5(0.00 %),0,0,0,0,3912870,0.0
26/07/2019,0,0,0.5(0.00 %),0,0,0,0,3912870,0.0
29/07/2019,0,0,0.5(0.00 %),0,0,0,0,3912870,0.0
30/07/2019,0,0,0.5(0.00 %),0,0,0,0,3912870,0.0
31/07/2019,0,0,0.5(0.00 %),0,0,0,0,3912870,0.0
01/08/2019,0,0,0.5(0.00 %),0,0,0,0,3912870,0.0
02/08/2019,0,0,0.5(0.00 %),0,0,0,0,3912870,0.0
05/08/2019,0,0,0.5(0.00 %),0,0,0,0,3912870,0.0
06/08/2019,0,0,0.5(0.00 %),0,0,0,0,3912870,0.0
07/08/2019,0,0,0.5(0.00 %),0,0,0,0,3912870,0.0
08/08/2019,0,0,0.5(0.00 %),0,0,0,0,3912870,0.0
09/08/2019,0,0,0.5(0.00 %),0,0,0,0,3912870,0.0
12/08/2019,0,0,0.5(0.00 %),0,0,0,0,3912870,0.0
13/08/2019,0,0,0.5(0.00 %),0,0,0,0,3912870,0.0
14/08/2019,0,0,0.5(0.00 %),0,0,0,0,3912870,0.0
15/08/2019,0,0,0.5(0.00 %),0,0,0,0,3912870,0.0
16/08/2019,0,0,0.5(0.00 %),0,0,0,0,3912870,0.0
19/08/2019,0,0,0.5(0.00 %),0,0,0,0,3912870,0.0
20/08/2019,0,0,0.5(0.00 %),0,0,0,0,3912870,0.0
21/08/2019,0,0,0.5(0.00 %),0,0,0,0,3912870,0.0
22/08/2019,0,0,0.5(0.00 %),0,0,0,0,3912870,0.0
23/08/2019,0,0,0.5(0.00 %),0,0,0,0,3912870,0.0
26/08/2019,0,0,0.5(0.00 %),0,0,0,0,3912870,0.0
27/08/2019,0,0,0.5(0.00 %),0,0,0,0,3912870,0.0
28/08/2019,0,0,0.5(0.00 %),0,0,0,0,3912870,0.0
29/08/2019,0,0,0.5(0.00 %),0,0,0,0,3912870,0.0
30/08/2019,0,0,0.5(0.00 %),0,0,0,0,3912870,0.0
03/09/2019,0,0,0.5(0.00 %),0,0,0,0,3912870,0.0
04/09/2019,0,0,0.5(0.00 %),0,0,0,0,3912870,0.0
05/09/2019,0,0,0.5(0.00 %),0,0,0,0,3912870,0.0
06/09/2019,0,0,0.5(0.00 %),0,0,0,0,3912870,0.0
09/09/2019,0,0,0.5(0.00 %),0,0,0,0,3912870,0.0
10/09/2019,0,0,0.5(0.00 %),0,0,0,0,3912870,0.0
11/09/2019,0,0,0.5(0.00 %),0,0,0,0,3912870,0.0
12/09/2019,0,0,0.5(0.00 %),0,0,0,0,3912870,0.0
13/09/2019,0,0,0.5(0.00 %),0,0,0,0,3912870,0.0
16/09/2019,0,0,0.5(0.00 %),0,0,0,0,3912870,0.0
17/09/2019,0,0,0.5(0.00 %),0,0,0,0,3912870,0.0
18/09/2019,0,0,0.5(0.00 %),0,0,0,0,3912870,0.0
19/09/2019,0,0,0.5(0.00 %),0,0,0,0,3912870,0.0
20/09/2019,0,0,0.5(0.00 %),0,0,0,0,3912870,0.0
23/09/2019,0,0,0.5(0.00 %),0,0,0,0,3912870,0.0
24/09/2019,0,0,0.5(0.00 %),0,0,0,0,3912870,0.0
25/09/2019,0,0,0.5(0.00 %),0,0,0,0,3912870,0.0
26/09/2019,0,0,0.5(0.00 %),0,0,0,0,3912870,0.0
27/09/2019,0,0,0.5(0.00 %),0,0,0,0,3912870,0.0
30/09/2019,0,0,0.5(0.00 %),0,0,0,0,3912870,0.0
01/10/2019,0,0,0.5(0.00 %),0,0,0,0,3912870,0.0
02/10/2019,0,0,0.5(0.00 %),0,0,0,0,3912870,0.0
03/10/2019,0,0,0.5(0.00 %),0,0,0,0,3912870,0.0
04/10/2019,0,0,0.5(0.00 %),0,0,0,0,3912870,0.0
07/10/2019,0,0,0.5(0.00 %),0,0,0,0,3912870,0.0
08/10/2019,0,0,0.5(0.00 %),0,0,0,0,3912870,0.0
09/10/2019,0,0,0.5(0.00 %),0,0,0,0,3912870,0.0
10/10/2019,0,0,0.5(0.00 %),0,0,0,0,3912870,0.0
11/10/2019,0,0,0.5(0.00 %),0,0,0,0,3912870,0.0
14/10/2019,0,0,0.5(0.00 %),0,0,0,0,3912870,0.0
15/10/2019,0,0,0.5(0.00 %),0,0,0,0,3912870,0.0
16/10/2019,0,0,0.5(0.00 %),0,0,0,0,3912870,0.0
17/10/2019,0,0,0.5(0.00 %),0,0,0,0,3912870,0.0
18/10/2019,0,0,0.5(0.00 %),0,0,0,0,3912870,0.0
21/10/2019,0,0,0.5(0.00 %),0,0,0,0,3912870,0.0
22/10/2019,0,0,0.5(0.00 %),0,0,0,0,3912870,0.0
23/10/2019,0,0,0.5(0.00 %),0,0,0,0,3912870,0.0
24/10/2019,0,0,0.5(0.00 %),0,0,0,0,3912870,0.0
25/10/2019,0,0,0.5(0.00 %),0,0,0,0,3912870,0.0
28/10/2019,0,0,0.5(0.00 %),0,0,0,0,3912870,0.0
29/10/2019,0,0,0.5(0.00 %),0,0,0,0,3912870,0.0
30/10/2019,0,0,0.5(0.00 %),0,0,0,0,3912870,0.0
31/10/2019,0,0,0.5(0.00 %),0,0,0,0,3912870,0.0
01/11/2019,0,0,0.5(0.00 %),0,0,0,0,3912870,0.0
04/11/2019,0,0,0.5(0.00 %),0,0,0,0,3912870,0.0
05/11/2019,0,0,0.5(0.00 %),0,0,0,0,3912870,0.0
06/11/2019,0,0,0.5(0.00 %),0,0,0,0,3912870,0.0
07/11/2019,0,0,0.5(0.00 %),0,0,0,0,3912870,0.0
08/11/2019,0,0,0.5(0.00 %),0,0,0,0,3912870,0.0
11/11/2019,0,0,0.5(0.00 %),0,0,0,0,3912870,0.0
12/11/2019,0,0,0.5(0.00 %),0,0,0,0,3912870,0.0
13/11/2019,0,0,0.5(0.00 %),0,0,0,0,3912870,0.0
14/11/2019,0,0,0.5(0.00 %),0,0,0,0,3912870,0.0
15/11/2019,0,0,0.5(0.00 %),0,0,0,0,3912870,0.0
18/11/2019,0,0,0.5(0.00 %),0,0,0,0,3912870,0.0
19/11/2019,0,0,0.5(0.00 %),0,0,0,0,3912870,0.0
20/11/2019,0,0,0.5(0.00 %),0,0,0,0,3912870,0.0
21/11/2019,0,0,0.5(0.00 %),0,0,0,0,3912870,0.0
22/11/2019,0,0,0.5(0.00 %),0,0,0,0,3912870,0.0
25/11/2019,0,0,0.5(0.00 %),0,0,0,0,3912870,0.0
26/11/2019,0,0,0.5(0.00 %),0,0,0,0,3912870,0.0
27/11/2019,0,0,0.5(0.00 %),0,0,0,0,3912870,0.0
28/11/2019,0,0,0.5(0.00 %),0,0,0,0,3912870,0.0
29/11/2019,0,0,0.5(0.00 %),0,0,0,0,3912870,0.0
02/12/2019,0,0,0.5(0.00 %),0,0,0,0,3912870,0.0
03/12/2019,0,0,0.5(0.00 %),0,0,0,0,3912870,0.0
04/12/2019,0,0,0.5(0.00 %),0,0,0,0,3912870,0.0
05/12/2019,0,0,0.5(0.00 %),0,0,0,0,3912870,0.0
06/12/2019,0,0,0.5(0.00 %),0,0,0,0,3912870,0.0
09/12/2019,0,0,0.5(0.00 %),0,0,0,0,3912870,0.0
10/12/2019,0,0,0.5(0.00 %),0,0,0,0,3912870,0.0
11/12/2019,0,0,0.5(0.00 %),0,0,0,0,3912870,0.0
12/12/2019,0,0,0.5(0.00 %),0,0,0,0,3912870,0.0
13/12/2019,0,0,0.5(0.00 %),0,0,0,0,3912870,0.0
16/12/2019,0,0,0.5(0.00 %),0,0,0,0,3912870,0.0
17/12/2019,0,0,0.5(0.00 %),0,0,0,0,3912870,0.0
18/12/2019,0,0,0.5(0.00 %),0,0,0,0,3912870,0.0
19/12/2019,0,0,0.5(0.00 %),0,0,0,0,3912870,0.0
20/12/2019,0,0,0.5(0.00 %),0,0,0,0,3912870,0.0
23/12/2019,0,0,0.5(0.00 %),0,0,0,0,3912870,0.0
24/12/2019,0,0,0.5(0.00 %),0,0,0,0,3912870,0.0
25/12/2019,0,0,0.5(0.00 %),0,0,0,0,3912870,0.0
26/12/2019,0,0,0.5(0.00 %),0,0,0,0,3912870,0.0
27/12/2019,0,0,0.5(0.00 %),0,0,0,0,3912870,0.0
30/12/2019,0,0,0.5(0.00 %),0,0,0,0,3912870,0.0
31/12/2019,0,0,0.5(0.00 %),0,0,0,0,3912870,0.0
02/01/2020,0,0,0.5(0.00 %),0,0,0,0,3912870,0.0
03/01/2020,0,0,0.5(0.00 %),0,0,0,0,3912870,0.0
06/01/2020,0,0,0.5(0.00 %),0,0,0,0,3912870,0.0
07/01/2020,0,0,0.5(0.00 %),0,0,0,0,3912870,0.0
08/01/2020,0,0,0.5(0.00 %),0,0,0,0,3912870,0.0
09/01/2020,0,0,0.5(0.00 %),0,0,0,0,3912870,0.0
10/01/2020,0,0,0.5(0.00 %),0,0,0,0,3912870,0.0
13/01/2020,0,0,0.5(0.00 %),0,0,0,0,3912870,0.0
14/01/2020,0,0,0.5(0.00 %),0,0,0,0,3912870,0.0
15/01/2020,0,0,0.5(0.00 %),0,0,0,0,3912870,0.0
16/01/2020,0,0,0.5(0.00 %),0,0,0,0,3912870,0.09
17/01/2020,0,0,0.5(0.00 %),0,0,0,0,3912870,0.09
20/01/2020,0,0,0.5(0.00 %),0,0,0,0,3912870,0.09
21/01/2020,0,0,0.5(0.00 %),0,0,0,0,3912870,0.09
22/01/2020,0,0,0.5(0.00 %),0,0,0,0,3912870,0.0
30/01/2020,0,0,0.5(0.00 %),0,0,0,0,3912870,0.0
31/01/2020,0,0,0.5(0.00 %),0,0,0,0,3912870,0.0
03/02/2020,0,0,0.5(0.00 %),0,0,0,0,3912870,0.0
04/02/2020,0,0,0.5(0.00 %),0,0,0,0,3912870,0.0
05/02/2020,0,0,0.5(0.00 %),0,0,0,0,3912870,0.0
06/02/2020,0,0,0.5(0.00 %),0,0,0,0,3912870,0.0
07/02/2020,0,0,0.5(0.00 %),0,0,0,0,3912870,0.0
10/02/2020,0,0,0.5(0.00 %),0,0,0,0,3912870,0.0
11/02/2020,0,0,0.5(0.00 %),0,0,0,0,3912870,0.0
12/02/2020,0,0,0.5(0.00 %),0,0,0,0,3912870,0.0
13/02/2020,0,0,0.5(0.00 %),0,0,0,0,3912870,0.0
14/02/2020,0,0,0.5(0.00 %),0,0,0,0,3912870,0.0
17/02/2020,0,0,0.5(0.00 %),0,0,0,0,3912870,0.0
18/02/2020,0,0,0.5(0.00 %),0,0,0,0,3912870,0.0
19/02/2020,0,0,0.5(0.00 %),0,0,0,0,3912870,0.0
20/02/2020,0,0,0.5(0.00 %),0,0,0,0,3912870,0.0
21/02/2020,0,0,0.5(0.00 %),0,0,0,0,3912870,0.0
24/02/2020,0,0,0.5(0.00 %),0,0,0,0,3912870,0.0
25/02/2020,0,0,0.5(0.00 %),0,0,0,0,3912870,0.0
26/02/2020,0,0,0.5(0.00 %),0,0,0,0,3912870,0.0
27/02/2020,0,0,0.5(0.00 %),0,0,0,0,3912870,0.0
28/02/2020,0,0,0.5(0.00 %),0,0,0,0,3912870,0.0
02/03/2020,0,0,0.5(0.00 %),0,0,0,0,3912870,0.0
03/03/2020,0,0,0.5(0.00 %),0,0,0,0,3912870,0.0
04/03/2020,0,0,0.5(0.00 %),0,0,0,0,3912870,0.0
05/03/2020,0,0,0.5(0.00 %),0,0,0,0,3912870,0.0
06/03/2020,0,0,0.5(0.00 %),0,0,0,0,3912870,0.0
09/03/2020,0,0,0.5(0.00 %),0,0,0,0,3912870,0.0
10/03/2020,0,0,0.5(0.00 %),0,0,0,0,3912870,0.0
11/03/2020,0,0,0(0.00 %),0,0,0,0,3912870,0.09
12/03/2020,0,0,0.5(0.00 %),0,0,0,0,3912870,0.09
13/03/2020,0,0,0.5(0.00 %),0,0,0,0,3912870,0.0
16/03/2020,0,0,0.5(0.00 %),0,0,0,0,3912870,0.0
17/03/2020,0,0,0.5(0.00 %),0,0,0,0,3912870,0.0
18/03/2020,0,0,0.5(0.00 %),0,0,0,0,3912870,0.0
19/03/2020,0,0,0.5(0.00 %),0,0,0,0,3912870,0.0
20/03/2020,0,0,0.5(0.00 %),0,0,0,0,3912870,0.0
23/03/2020,0,0,0.5(0.00 %),0,0,0,0,3912870,0.0
24/03/2020,0,0,0.5(0.00 %),0,0,0,0,3912870,0.0
25/03/2020,0,0,0.5(0.00 %),0,0,0,0,3912870,0.0
26/03/2020,0,0,0.5(0.00 %),0,0,0,0,3912870,0.0
27/03/2020,0,0,0.5(0.00 %),0,0,0,0,3912870,0.0
30/03/2020,0,0,0.5(0.00 %),0,0,0,0,3912870,0.0
31/03/2020,0,0,0.5(0.00 %),0,0,0,0,3912870,0.09
01/04/2020,0,0,0.5(0.00 %),0,0,0,0,3912870,0.0
03/04/2020,0,0,0.5(0.00 %),0,0,0,0,3912870,0.0
06/04/2020,0,0,0.5(0.00 %),0,0,0,0,3912870,0.0
07/04/2020,0,0,0.5(0.00 %),0,0,0,0,3912870,0.0
08/04/2020,0,0,0.5(0.00 %),0,0,0,0,3912870,0.0
09/04/2020,0,0,0.5(0.00 %),0,0,0,0,3912870,0.0
10/04/2020,0,0,0.5(0.00 %),0,0,0,0,3912870,0.09
13/04/2020,0,0,0.5(0.00 %),0,0,0,0,3912870,0.0
14/04/2020,0,0,0.5(0.00 %),0,0,0,0,3912870,0.0
15/04/2020,0,0,0.5(0.00 %),0,0,0,0,3912870,0.0
16/04/2020,0,0,0.5(0.00 %),0,0,0,0,3912870,0.0
17/04/2020,0,0,0.5(0.00 %),0,0,0,0,3912870,0.0
20/04/2020,0,0,0.5(0.00 %),0,0,0,0,3912870,0.0
21/04/2020,0,0,0.5(0.00 %),0,0,0,0,3912870,0.0
22/04/2020,0,0,0.5(0.00 %),0,0,0,0,3912870,0.0
23/04/2020,0,0,0.5(0.00 %),0,0,0,0,3912870,0.0
24/04/2020,0,0,0.5(0.00 %),0,0,0,0,3912870,0.0
27/04/2020,0,0,0.5(0.00 %),0,0,0,0,3912870,0.0
28/04/2020,0,0,0.5(0.00 %),0,0,0,0,3912870,0.0
29/04/2020,0,0,0.5(0.00 %),0,0,0,0,3912870,0.0
04/05/2020,0,0,0.5(0.00 %),0,0,0,0,3912870,0.0
05/05/2020,0,0,0.5(0.00 %),0,0,0,0,3912870,0.0
06/05/2020,0,0,0.5(0.00 %),0,0,0,0,3912870,0.09
07/05/2020,0,0,0.5(0.00 %),0,0,0,0,3912870,0.0
08/05/2020,0,0,0.5(0.00 %),0,0,0,0,3912870,0.0
11/05/2020,0,0,0.5(0.00 %),0,0,0,0,3912870,0.0
12/05/2020,0,0,0.5(0.00 %),0,0,0,0,3912870,0.0
13/05/2020,0,0,0.5(0.00 %),0,0,0,0,3912870,0.0
14/05/2020,0,0,0.5(0.00 %),0,0,0,0,3912870,0.0
15/05/2020,0,0,0.5(0.00 %),0,0,0,0,3912870,0.0
18/05/2020,0,0,0.5(0.00 %),0,0,0,0,3912870,0.0
19/05/2020,0,0,0.5(0.00 %),0,0,0,0,3912870,0.0
20/05/2020,0,0,0.5(0.00 %),0,0,0,0,3912870,0.0
21/05/2020,0,0,0.5(0.00 %),0,0,0,0,3912870,0.0
22/05/2020,0,0,0.5(0.00 %),0,0,0,0,3912870,0.0
25/05/2020,0,0,0.5(0.00 %),0,0,0,0,3912870,0.0
26/05/2020,0,0,0.5(0.00 %),0,0,0,0,3912870,0.0
27/05/2020,0,0,0.5(0.00 %),0,0,0,0,3912870,0.0
28/05/2020,0,0,0.5(0.00 %),0,0,0,0,3912870,0.0
29/05/2020,0,0,0.5(0.00 %),0,0,0,0,3912870,0.09
01/06/2020,0,0,0.5(0.00 %),0,0,0,0,3912870,0.0
02/06/2020,0,0,0.5(0.00 %),0,0,0,0,3912870,0.0
03/06/2020,0,0,0.5(0.00 %),0,0,0,0,3912870,0.0
04/06/2020,0,0,0.5(0.00 %),0,0,0,0,3912870,0.0
05/06/2020,0,0,0.5(0.00 %),0,0,0,0,3912870,0.0
08/06/2020,0,0,0.5(0.00 %),0,0,0,0,3912870,0.0
09/06/2020,0,0,0.5(0.00 %),0,0,0,0,3912870,0.0
10/06/2020,0,0,0.5(0.00 %),0,0,0,0,3912870,0.0
11/06/2020,0,0,0.5(0.00 %),0,0,0,0,3912870,0.0
12/06/2020,0,0,0.5(0.00 %),0,0,0,0,3912870,0.0
15/06/2020,0,0,0.5(0.00 %),0,0,0,0,3912870,0.0
16/06/2020,0,0,0.5(0.00 %),0,0,0,0,3912870,0.0
17/06/2020,0,0,0.5(0.00 %),0,0,0,0,3912870,0.0
18/06/2020,0,0,0.5(0.00 %),0,0,0,0,3912870,0.0
19/06/2020,0,0,0.5(0.00 %),0,0,0,0,3912870,0.0
22/06/2020,0,0,0.5(0.00 %),0,0,0,0,3912870,0.0
23/06/2020,0,0,0.5(0.00 %),0,0,0,0,3912870,0.0
24/06/2020,0,0,0.5(0.00 %),0,0,0,0,3912870,0.0
25/06/2020,0,0,0.5(0.00 %),0,0,0,0,3912870,0.09
26/06/2020,0,0,0.5(0.00 %),0,0,0,0,3912870,0.0
29/06/2020,0,0,0.5(0.00 %),0,0,0,0,3912870,0.0
30/06/2020,0,0,0.5(0.00 %),0,0,0,0,3912870,0.0
01/07/2020,0,0,0.5(0.00 %),0,0,0,0,3912870,0.0
02/07/2020,0,0,0.5(0.00 %),0,0,0,0,3912870,0.0
03/07/2020,0,0,0.5(0.00 %),0,0,0,0,3912870,0.0
06/07/2020,0,0,0.5(0.00 %),0,0,0,0,3912870,0.0
07/07/2020,0,0,0.5(0.00 %),0,0,0,0,3912870,0.0
08/07/2020,0,0,0.5(0.00 %),0,0,0,0,3912870,0.0
09/07/2020,0,0,0.5(0.00 %),0,0,0,0,3912870,0.0
10/07/2020,0,0,0.5(0.00 %),0,0,0,0,3912870,0.0
13/07/2020,0,0,0.5(0.00 %),0,0,0,0,3912870,0.0
14/07/2020,0,0,0.5(0.00 %),0,0,0,0,3912870,0.0
15/07/2020,0,0,0.5(0.00 %),0,0,0,0,3912870,0.0
16/07/2020,0,0,0.5(0.00 %),0,0,0,0,3912870,0.0
17/07/2020,0,0,0.5(0.00 %),0,0,0,0,3912870,0.0
20/07/2020,0,0,0.5(0.00 %),0,0,0,0,3912870,0.0
21/07/2020,0,0,0.5(0.00 %),0,0,0,0,3912870,0.0
22/07/2020,0,0,0.5(0.00 %),0,0,0,0,3912870,0.0
23/07/2020,0,0,0.5(0.00 %),0,0,0,0,3912870,0.0
24/07/2020,0,0,0.5(0.00 %),0,0,0,0,3912870,0.0
27/07/2020,0,0,0.5(0.00 %),0,0,0,0,3912870,0.0
28/07/2020,0,0,0.5(0.00 %),0,0,0,0,3912870,0.0
29/07/2020,0,0,0.5(0.00 %),0,0,0,0,3912870,0.0
30/07/2020,0,0,0.5(0.00 %),0,0,0,0,3912870,0.0
31/07/2020,0,0,0.5(0.00 %),0,0,0,0,3912870,0.0
03/08/2020,0,0,0.5(0.00 %),0,0,0,0,3912870,0.0
04/08/2020,0,0,0.5(0.00 %),0,0,0,0,3912870,0.0
05/08/2020,0,0,0.5(0.00 %),0,0,0,0,3912870,0.0
06/08/2020,0,0,0.5(0.00 %),0,0,0,0,3912870,0.0
07/08/2020,0,0,0.5(0.00 %),0,0,0,0,3912870,0.0
10/08/2020,0,0,0.5(0.00 %),0,0,0,0,3912870,0.0
11/08/2020,0,0,0.5(0.00 %),0,0,0,0,3912870,0.0
12/08/2020,0,0,0.5(0.00 %),0,0,0,0,3912870,0.0
13/08/2020,0,0,0.5(0.00 %),0,0,0,0,3912870,0.0
14/08/2020,0,0,0.5(0.00 %),0,0,0,0,3912870,0.0
17/08/2020,0,0,0.5(0.00 %),0,0,0,0,3912870,0.0
18/08/2020,0,0,0.5(0.00 %),0,0,0,0,3912870,0.0
19/08/2020,0,0,0.5(0.00 %),0,0,0,0,3912870,0.0
20/08/2020,0,0,0.5(0.00 %),0,0,0,0,3912870,0.0
21/08/2020,0,0,0.5(0.00 %),0,0,0,0,3912870,0.0
24/08/2020,0,0,0.5(0.00 %),0,0,0,0,3912870,0.0
25/08/2020,0,0,0.5(0.00 %),0,0,0,0,3912870,0.0
26/08/2020,0,0,0.5(0.00 %),0,0,0,0,3912870,0.0
27/08/2020,0,0,0.5(0.00 %),0,0,0,0,3912870,0.0
28/08/2020,0,0,0.5(0.00 %),0,0,0,0,3912870,0.0
31/08/2020,0,0,0.5(0.00 %),0,0,0,0,3912870,0.0
01/09/2020,0,0,0.5(0.00 %),0,0,0,0,3912870,0.0
03/09/2020,0,0,0.5(0.00 %),0,0,0,0,3912870,0.0
04/09/2020,0,0,0.5(0.00 %),0,0,0,0,3912870,0.0
07/09/2020,0,0,0.5(0.00 %),0,0,0,0,3912870,0.0
08/09/2020,0,0,0.5(0.00 %),0,0,0,0,3912870,0.0
10/09/2020,0,0,0.5(0.00 %),0,0,0,0,3912870,0.0
11/09/2020,0,0,0.5(0.00 %),0,0,0,0,3912870,0.0
14/09/2020,0,0,0.5(0.00 %),0,0,0,0,3912870,0.0
15/09/2020,0,0,0.5(0.00 %),0,0,0,0,3912870,0.0
16/09/2020,0,0,0.5(0.00 %),0,0,0,0,3912870,0.0
17/09/2020,0,0,0.5(0.00 %),0,0,0,0,3912870,0.0
18/09/2020,0,0,0.5(0.00 %),0,0,0,0,3912870,0.0
21/09/2020,0,0,0.5(0.00 %),0,0,0,0,3912870,0.0
22/09/2020,0,0,0.5(0.00 %),0,0,0,0,3912870,0.0
23/09/2020,0,0,0.5(0.00 %),0,0,0,0,3912870,0.0
24/09/2020,0,0,0.5(0.00 %),0,0,0,0,3912870,0.0
25/09/2020,0,0,0.5(0.00 %),0,0,0,0,3912870,0.0
28/09/2020,0,0,0.5(0.00 %),0,0,0,0,3912870,0.0
29/09/2020,0,0,0.5(0.00 %),0,0,0,0,3912870,0.0
30/09/2020,0,0,0.5(0.00 %),0,0,0,0,3912870,0.0
02/10/2020,0,0,0.5(0.00 %),0,0,0,0,3912870,0.0
05/10/2020,0,0,0.5(0.00 %),0,0,0,0,3912870,0.0
06/10/2020,0,0,0.5(0.00 %),0,0,0,0,3912870,0.0
07/10/2020,0,0,0.5(0.00 %),0,0,0,0,3912870,0.0
08/10/2020,0,0,0.5(0.00 %),0,0,0,0,3912870,0.0
09/10/2020,0,0,0.5(0.00 %),0,0,0,0,3912870,0.0
12/10/2020,0,0,0.5(0.00 %),0,0,0,0,3912870,0.0
13/10/2020,0,0,0.5(0.00 %),0,0,0,0,3912870,0.0
14/10/2020,0,0,0.5(0.00 %),0,0,0,0,3912870,0.0
15/10/2020,0,0,0.5(0.00 %),0,0,0,0,3912870,0.0
16/10/2020,0,0,0.5(0.00 %),0,0,0,0,3912870,0.0
19/10/2020,0,0,0.5(0.00 %),0,0,0,0,3912870,0.0
20/10/2020,0,0,0.5(0.00 %),0,0,0,0,3912870,0.0
21/10/2020,0,0,0.5(0.00 %),0,0,0,0,3912870,0.0
22/10/2020,0,0,0.5(0.00 %),0,0,0,0,3912870,0.0
23/10/2020,0,0,0.5(0.00 %),0,0,0,0,3912870,0.0
26/10/2020,0,0,0.5(0.00 %),0,0,0,0,3912870,0.0
27/10/2020,0,0,0.5(0.00 %),0,0,0,0,3912870,0.0
28/10/2020,0,0,0.5(0.00 %),0,0,0,0,3912870,0.0
29/10/2020,0,0,0.5(0.00 %),0,0,0,0,3912870,0.0
30/10/2020,0,0,0.5(0.00 %),0,0,0,0,3912870,0.0
02/11/2020,0,0,0.5(0.00 %),0,0,0,0,3912870,0.0
03/11/2020,0,0,0.5(0.00 %),0,0,0,0,3912870,0.0
04/11/2020,0,0,0.5(0.00 %),0,0,0,0,3912870,0.0
05/11/2020,0,0,0.5(0.00 %),0,0,0,0,3912870,0.0
06/11/2020,0,0,0.5(0.00 %),0,0,0,0,3912870,0.0
09/11/2020,0,0,0.5(0.00 %),0,0,0,0,3912870,0.0
10/11/2020,0,0,0.5(0.00 %),0,0,0,0,3912870,0.0
11/11/2020,0,0,0.5(0.00 %),0,0,0,0,3912870,0.0
12/11/2020,0,0,0.5(0.00 %),0,0,0,0,3912870,0.0
13/11/2020,0,0,0.5(0.00 %),0,0,0,0,3912870,0.0
16/11/2020,0,0,0.5(0.00 %),0,0,0,0,3912870,0.0
17/11/2020,0,0,0.5(0.00 %),0,0,0,0,3912870,0.0
18/11/2020,0,0,0.5(0.00 %),0,0,0,0,3912870,0.0
19/11/2020,0,0,0.5(0.00 %),0,0,0,0,3912870,0.0
20/11/2020,0,0,0.5(0.00 %),0,0,0,0,3912870,0.0
24/11/2020,0,0,0.5(0.00 %),0,0,0,0,3912870,0.09
25/11/2020,0,0,0.5(0.00 %),0,0,0,0,3912870,0.0
26/11/2020,0,0,0.5(0.00 %),0,0,0,0,3912870,0.0
30/11/2020,0,0,0.5(0.00 %),0,0,0,0,3912870,0.0
01/12/2020,0,0,0.5(0.00 %),0,0,0,0,3912870,0.0
02/12/2020,0,0,0.5(0.00 %),0,0,0,0,3912870,0.0
03/12/2020,0,0,0.5(0.00 %),0,0,0,0,3912870,0.0
04/12/2020,0,0,0.5(0.00 %),0,0,0,0,3912870,0.0
07/12/2020,0,0,0.5(0.00 %),0,0,0,0,3912870,0.0
08/12/2020,0,0,0.5(0.00 %),0,0,0,0,3912870,0.0
09/12/2020,0,0,0.5(0.00 %),0,0,0,0,3912870,0.0
10/12/2020,0,0,0.5(0.00 %),0,0,0,0,3912870,0.0
11/12/2020,0,0,0.5(0.00 %),0,0,0,0,3912870,0.0
14/12/2020,0,0,0.5(0.00 %),0,0,0,0,3912870,0.0
15/12/2020,0,0,0.5(0.00 %),0,0,0,0,3912870,0.0
17/12/2020,0,0,0.5(0.00 %),0,0,0,0,3912870,0.0
18/12/2020,0,0,0.5(0.00 %),0,0,0,0,3912870,0.0
21/12/2020,0,0,0.5(0.00 %),0,0,0,0,3912870,0.0
22/12/2020,0,0,0.5(0.00 %),0,0,0,0,3912870,0.0
23/12/2020,0,0,0.5(0.00 %),0,0,0,0,3912870,0.0
24/12/2020,0,0,0.5(0.00 %),0,0,0,0,3912870,0.0
25/12/2020,0,0,0.5(0.00 %),0,0,0,0,3912870,0.0
28/12/2020,0,0,0.5(0.00 %),0,0,0,0,3912870,0.0
29/12/2020,0,0,0.5(0.00 %),0,0,0,0,3912870,0.0
31/12/2020,0,0,0.5(0.00 %),0,0,0,0,3912870,0.0
04/01/2021,0,0,0.5(0.00 %),0,0,0,0,3912870,0.0
05/01/2021,0,0,0.5(0.00 %),0,0,0,0,3912870,0.0
06/01/2021,0,0,0.5(0.00 %),0,0,0,0,3912870,0.0
07/01/2021,0,0,0.5(0.00 %),0,0,0,0,3912870,0.0
08/01/2021,0,0,0.5(0.00 %),0,0,0,0,3912870,0.0
11/01/2021,0,0,0.5(0.00 %),0,0,0,0,3912870,0.0
12/01/2021,0,0,0.5(0.00 %),0,0,0,0,3912870,0.0
13/01/2021,0,0,0.5(0.00 %),0,0,0,0,3912870,0.0
14/01/2021,0,0,0.5(0.00 %),0,0,0,0,3912870,0.0
15/01/2021,0,0,0.5(0.00 %),0,0,0,0,3912870,0.0
18/01/2021,0,0,0.5(0.00 %),0,0,0,0,3912870,0.0
19/01/2021,0,0,0.5(0.00 %),0,0,0,0,3912870,0.0
20/01/2021,0,0,0.5(0.00 %),0,0,0,0,3912870,0.0
21/01/2021,0,0,0.5(0.00 %),0,0,0,0,3912870,0.0
22/01/2021,0,0,0.5(0.00 %),0,0,0,0,3912870,0.0
25/01/2021,0,0,0.5(0.00 %),0,0,0,0,3912870,0.0
26/01/2021,0,0,0.5(0.00 %),0,0,0,0,3912870,0.0
27/01/2021,0,0,0.5(0.00 %),0,0,0,0,3912870,0.0
28/01/2021,0,0,0.5(0.00 %),0,0,0,0,3912870,0.0
29/01/2021,0,0,0.5(0.00 %),0,0,0,0,3912870,0.0
01/02/2021,0,0,0.5(0.00 %),0,0,0,0,3912870,0.0
02/02/2021,0,0,0.5(0.00 %),0,0,0,0,3912870,0.0
03/02/2021,0,0,0.5(0.00 %),0,0,0,0,3912870,0.0
04/02/2021,0,0,0.5(0.00 %),0,0,0,0,3912870,0.0
05/02/2021,0,0,0.5(0.00 %),0,0,0,0,3912870,0.0
17/02/2021,0,0,0.5(0.00 %),0,0,0,0,3912870,0.0
18/02/2021,0,0,0.5(0.00 %),0,0,0,0,3912870,0.0
19/02/2021,0,0,0.5(0.00 %),0,0,0,0,3912870,0.0
22/02/2021,0,0,0.5(0.00 %),0,0,0,0,3912870,0.0
23/02/2021,0,0,0.5(0.00 %),0,0,0,0,3912870,0.0
24/02/2021,0,0,0.5(0.00 %),0,0,0,0,3912870,0.0
25/02/2021,0,0,0.5(0.00 %),0,0,0,0,3912870,0.0
26/02/2021,0,0,0.5(0.00 %),0,0,0,0,3912870,0.0
01/03/2021,0,0,0.5(0.00 %),0,0,0,0,3912870,0.0
02/03/2021,0,0,0.5(0.00 %),0,0,0,0,3912870,0.0
03/03/2021,0,0,0.5(0.00 %),0,0,0,0,3912870,0.0
04/03/2021,0,0,0.5(0.00 %),0,0,0,0,3912870,0.0
05/03/2021,0,0,0.5(0.00 %),0,0,0,0,3912870,0.0
08/03/2021,0,0,0.5(0.00 %),0,0,0,0,3912870,0.0
09/03/2021,0,0,0.5(0.00 %),0,0,0,0,3912870,0.0
10/03/2021,0,0,0.5(0.00 %),0,0,0,0,3912870,0.0
11/03/2021,0,0,0.5(0.00 %),0,0,0,0,3912870,0.0
12/03/2021,0,0,0.5(0.00 %),0,0,0,0,3912870,0.0
15/03/2021,0,0,0.5(0.00 %),0,0,0,0,3912870,0.0
16/03/2021,0,0,0.5(0.00 %),0,0,0,0,3912870,0.0
17/03/2021,0,0,0.5(0.00 %),0,0,0,0,3912870,0.0
18/03/2021,0,0,0.5(0.00 %),0,0,0,0,3912870,0.0
19/03/2021,0,0,0.5(0.00 %),0,0,0,0,3912870,0.0
22/03/2021,0,0,0.5(0.00 %),0,0,0,0,3912870,0.0
23/03/2021,0,0,0.5(0.00 %),0,0,0,0,3912870,0.0
24/03/2021,0,0,0.5(0.00 %),0,0,0,0,3912870,0.0
25/03/2021,0,0,0.5(0.00 %),0,0,0,0,3912870,0.0
26/03/2021,0,0,0.5(0.00 %),0,0,0,0,3912870,0.0
29/03/2021,0,0,0.5(0.00 %),0,0,0,0,3912870,0.0
30/03/2021,0,0,0.5(0.00 %),0,0,0,0,3912870,0.0
31/03/2021,0,0,0.5(0.00 %),0,0,0,0,3912870,0.0
01/04/2021,0,0,0.5(0.00 %),0,0,0,0,3912870,0.0
02/04/2021,0,0,0.5(0.00 %),0,0,0,0,3912870,0.0
05/04/2021,0,0,0.5(0.00 %),0,0,0,0,3912870,0.0
06/04/2021,0,0,0.5(0.00 %),0,0,0,0,3912870,0.0
07/04/2021,0,0,0.5(0.00 %),0,0,0,0,3912870,0.0
08/04/2021,0,0,0.5(0.00 %),0,0,0,0,3912870,0.0
09/04/2021,0,0,0.5(0.00 %),0,0,0,0,3912870,0.0
12/04/2021,0,0,0.5(0.00 %),0,0,0,0,3912870,0.0
13/04/2021,0,0,0.5(0.00 %),0,0,0,0,3912870,0.0
14/04/2021,0,0,0.5(0.00 %),0,0,0,0,3912870,0.0
16/04/2021,0,0,0.5(0.00 %),0,0,0,0,3912870,0.0
19/04/2021,0,0,0.5(0.00 %),0,0,0,0,3912870,0.0
20/04/2021,0,0,0.5(0.00 %),0,0,0,0,3912870,0.0
22/04/2021,0,0,0.5(0.00 %),0,0,0,0,3912870,0.0
23/04/2021,0,0,0.5(0.00 %),0,0,0,0,3912870,0.0
26/04/2021,0,0,0.5(0.00 %),0,0,0,0,3912870,0.0
27/04/2021,0,0,0.5(0.00 %),0,0,0,0,3912870,0.0
28/04/2021,0,0,0.5(0.00 %),0,0,0,0,3912870,0.0
29/04/2021,0,0,0.5(0.00 %),0,0,0,0,3912870,0.0
04/05/2021,0,0,0.5(0.00 %),0,0,0,0,3912870,0.0
05/05/2021,0,0,0.5(0.00 %),0,0,0,0,3912870,0.0
06/05/2021,0,0,0.5(0.00 %),0,0,0,0,3912870,0.0
07/05/2021,0,0,0.5(0.00 %),0,0,0,0,3912870,0.0
10/05/2021,0,0,0.5(0.00 %),0,0,0,0,3912870,0.0
11/05/2021,0,0,0.5(0.00 %),0,0,0,0,3912870,0.0
12/05/2021,0,0,0.5(0.00 %),0,0,0,0,3912870,0.0
13/05/2021,0,0,0.5(0.00 %),0,0,0,0,3912870,0.0
14/05/2021,0,0,0.5(0.00 %),0,0,0,0,3912870,0.0
17/05/2021,0,0,0.5(0.00 %),0,0,0,0,3912870,0.0
18/05/2021,0,0,0.5(0.00 %),0,0,0,0,3912870,0.0
19/05/2021,0,0,0.5(0.00 %),0,0,0,0,3912870,0.0
20/05/2021,0,0,0.5(0.00 %),0,0,0,0,3912870,0.0
21/05/2021,0,0,0.5(0.00 %),0,0,0,0,3912870,0.0
24/05/2021,0,0,0.5(0.00 %),0,0,0,0,3912870,0.0
25/05/2021,0,0,0.5(0.00 %),0,0,0,0,3912870,0.0
26/05/2021,0,0,0.5(0.00 %),0,0,0,0,3912870,0.0
27/05/2021,0,0,0.5(0.00 %),0,0,0,0,3912870,0.0
28/05/2021,0,0,0.5(0.00 %),0,0,0,0,3912870,0.0
31/05/2021,0,0,0.5(0.00 %),0,0,0,0,3912870,0.0
01/06/2021,0,0,0.5(0.00 %),0,0,0,0,3912870,0.0
02/06/2021,0,0,0.5(0.00 %),0,0,0,0,3912870,0.0
03/06/2021,0,0,0.5(0.00 %),0,0,0,0,3912870,0.0
04/06/2021,0,0,0.5(0.00 %),0,0,0,0,3912870,0.0
07/06/2021,0,0,0.5(0.00 %),0,0,0,0,3912870,0.0
08/06/2021,0,0,0.5(0.00 %),0,0,0,0,3912870,0.0
09/06/2021,0,0,0.5(0.00 %),0,0,0,0,3912870,0.0
10/06/2021,0,0,0.5(0.00 %),0,0,0,0,3912870,0.0
11/06/2021,0,0,0.5(0.00 %),0,0,0,0,3912870,0.0
14/06/2021,0,0,0.5(0.00 %),0,0,0,0,3912870,0.0
15/06/2021,0,0,0.5(0.00 %),0,0,0,0,3912870,0.0
16/06/2021,0,0,0.5(0.00 %),0,0,0,0,3912870,0.0
17/06/2021,0,0,0.5(0.00 %),0,0,0,0,3912870,0.0
18/06/2021,0,0,0.5(0.00 %),0,0,0,0,3912870,0.0
22/06/2021,0,0,0.5(0.00 %),0,0,0,0,3912870,0.0
23/06/2021,0,0,0.5(0.00 %),0,0,0,0,3912870,0.0
24/06/2021,0,0,0.5(0.00 %),0,0,0,0,3912870,0.0
25/06/2021,0,0,0.5(0.00 %),0,0,0,0,3912870,0.0
28/06/2021,0,0,0.5(0.00 %),0,0,0,0,3912870,0.0
29/06/2021,0,0,0.5(0.00 %),0,0,0,0,3912870,0.0
30/06/2021,0,0,0.5(0.00 %),0,0,0,0,3912870,0.0
01/07/2021,0,0,0.5(0.00 %),0,0,0,0,3912870,0.0
02/07/2021,0,0,0.5(0.00 %),0,0,0,0,3912870,0.0
05/07/2021,0,0,0.5(0.00 %),0,0,0,0,3912870,0.0
06/07/2021,0,0,0.5(0.00 %),0,0,0,0,3912870,0.0
07/07/2021,0,0,0.5(0.00 %),0,0,0,0,3912870,0.0
08/07/2021,0,0,0.5(0.00 %),0,0,0,0,3912870,0.09
09/07/2021,0,0,0.5(0.00 %),0,0,0,0,3912870,0.0
12/07/2021,0,0,0.5(0.00 %),0,0,0,0,3912870,0.0
13/07/2021,0,0,0.5(0.00 %),0,0,0,0,3912870,0.0
14/07/2021,0,0,0.5(0.00 %),0,0,0,0,3912870,0.0
15/07/2021,0,0,0.5(0.00 %),0,0,0,0,3912870,0.0
16/07/2021,0,0,0.5(0.00 %),0,0,0,0,3912870,0.0
19/07/2021,0,0,0.5(0.00 %),0,0,0,0,3912870,0.0
20/07/2021,0,0,0.5(0.00 %),0,0,0,0,3912870,0.0
21/07/2021,0,0,0.5(0.00 %),0,0,0,0,3912870,0.0
22/07/2021,0,0,0.5(0.00 %),0,0,0,0,3912870,0.0
23/07/2021,0,0,0.5(0.00 %),0,0,0,0,3912870,0.0
26/07/2021,0,0,0.5(0.00 %),0,0,0,0,3912870,0.0
27/07/2021,0,0,0.5(0.00 %),0,0,0,0,3912870,0.0
28/07/2021,0,0,0.5(0.00 %),0,0,0,0,3912870,0.0
29/07/2021,0,0,0.5(0.00 %),0,0,0,0,3912870,0.0
30/07/2021,0,0,0.5(0.00 %),0,0,0,0,3912870,0.0
02/08/2021,0,0,0.5(0.00 %),0,0,0,0,3912870,0.0
03/08/2021,0,0,0.5(0.00 %),0,0,0,0,3912870,0.0
04/08/2021,0,0,0.5(0.00 %),0,0,0,0,3912870,0.0
05/08/2021,0,0,0.5(0.00 %),0,0,0,0,3912870,0.0
06/08/2021,0,0,0.5(0.00 %),0,0,0,0,3912870,0.0
09/08/2021,0,0,0.5(0.00 %),0,0,0,0,3912870,0.0
10/08/2021,0,0,0.5(0.00 %),0,0,0,0,3912870,0.0
11/08/2021,0,0,0.5(0.00 %),0,0,0,0,3912870,0.0
12/08/2021,0,0,0.5(0.00 %),0,0,0,0,3912870,0.0
13/08/2021,0,0,0.5(0.00 %),0,0,0,0,3912870,0.09
16/08/2021,0,0,0.5(0.00 %),0,0,0,0,3912870,0.0
17/08/2021,0,0,0.5(0.00 %),0,0,0,0,3912870,0.0
18/08/2021,0,0,0.5(0.00 %),0,0,0,0,3912870,0.0
19/08/2021,0,0,0.5(0.00 %),0,0,0,0,3912870,0.0
20/08/2021,0,0,0.5(0.00 %),0,0,0,0,3912870,0.0
23/08/2021,0,0,0.5(0.00 %),0,0,0,0,3912870,0.0
24/08/2021,0,0,0.5(0.00 %),0,0,0,0,3912870,0.0
25/08/2021,0,0,0.5(0.00 %),0,0,0,0,3912870,0.0
26/08/2021,0,0,0.5(0.00 %),0,0,0,0,3912870,0.0
27/08/2021,0,0,0.5(0.00 %),0,0,0,0,3912870,0.0
30/08/2021,0,0,0.5(0.00 %),0,0,0,0,3912870,0.0
31/08/2021,0,0,0.5(0.00 %),0,0,0,0,3912870,0.0
01/09/2021,0,0,0.5(0.00 %),0,0,0,0,3912870,0.0
06/09/2021,0,0,0.5(0.00 %),0,0,0,0,3912870,0.0
07/09/2021,0,0,0.5(0.00 %),0,0,0,0,3912870,0.0
08/09/2021,0,0,0.5(0.00 %),0,0,0,0,3912870,0.0
09/09/2021,0,0,0.5(0.00 %),0,0,0,0,3912870,0.0
10/09/2021,0,0,0.5(0.00 %),0,0,0,0,3912870,0.0
13/09/2021,0,0,0.5(0.00 %),0,0,0,0,3912870,0.0
14/09/2021,0,0,0.5(0.00 %),0,0,0,0,3912870,0.0
15/09/2021,0,0,0.5(0.00 %),0,0,0,0,3912870,0.09
16/09/2021,0,0,0.5(0.00 %),0,0,0,0,3912870,0.0
17/09/2021,0,0,0.5(0.00 %),0,0,0,0,3912870,0.0
20/09/2021,0,0,0.5(0.00 %),0,0,0,0,3912870,0.0
21/09/2021,0,0,0.5(0.00 %),0,0,0,0,3912870,0.0
22/09/2021,0,0,0.5(0.00 %),0,0,0,0,3912870,0.0
23/09/2021,0,0,0.5(0.00 %),0,0,0,0,3912870,0.0
24/09/2021,0,0,0.5(0.00 %),0,0,0,0,3912870,0.0
27/09/2021,0,0,0.5(0.00 %),0,0,0,0,3912870,0.0
28/09/2021,0,0,0.5(0.00 %),0,0,0,0,3912870,0.0
29/09/2021,0,0,0.5(0.00 %),0,0,0,0,3912870,0.0
30/09/2021,0,0,0.5(0.00 %),0,0,0,0,3912870,0.0
01/10/2021,0,0,0.5(0.00 %),0,0,0,0,3912870,0.0
04/10/2021,0,0,0.5(0.00 %),0,0,0,0,3912870,0.0
05/10/2021,0,0,0.5(0.00 %),0,0,0,0,3912870,0.0
06/10/2021,0,0,0.5(0.00 %),0,0,0,0,3912870,0.09
07/10/2021,0,0,0.5(0.00 %),0,0,0,0,3912870,0.09
08/10/2021,0,0,0.5(0.00 %),0,0,0,0,3912870,0.09
11/10/2021,0,0,0.5(0.00 %),0,0,0,0,3912870,0.0
12/10/2021,0,0,0.5(0.00 %),0,0,0,0,3912870,0.0
13/10/2021,0,0,0.5(0.00 %),0,0,0,0,3912870,0.0
14/10/2021,0,0,0.5(0.00 %),0,0,0,0,3912870,0.0
15/10/2021,0,0,0.5(0.00 %),0,0,0,0,3912870,0.0
18/10/2021,0,0,0.5(0.00 %),0,0,0,0,3912870,0.0
19/10/2021,0,0,0.5(0.00 %),0,0,0,0,3912870,0.0
20/10/2021,0,0,0.5(0.00 %),0,0,0,0,3912870,0.0
21/10/2021,0,0,0.5(0.00 %),0,0,0,0,3912870,0.0
22/10/2021,0,0,0.5(0.00 %),0,0,0,0,3912870,0.0
25/10/2021,0,0,0.5(0.00 %),0,0,0,0,3912870,0.0
26/10/2021,0,0,0.5(0.00 %),0,0,0,0,3912870,0.0
27/10/2021,0,0,0.5(0.00 %),0,0,0,0,3912870,0.0
28/10/2021,0,0,0.5(0.00 %),0,0,0,0,3912870,0.0
29/10/2021,0,0,0.5(0.00 %),0,0,0,0,3912870,0.0
01/11/2021,0,0,0.5(0.00 %),0,0,0,0,3912870,0.0
02/11/2021,0,0,0.5(0.00 %),0,0,0,0,3912870,0.0
03/11/2021,0,0,0.5(0.00 %),0,0,0,0,3912870,0.0
04/11/2021,0,0,0.5(0.00 %),0,0,0,0,3912870,0.0
05/11/2021,0,0,0.5(0.00 %),0,0,0,0,3912870,0.0
08/11/2021,0,0,0.5(0.00 %),0,0,0,0,3912870,0.0
09/11/2021,0,0,0.5(0.00 %),0,0,0,0,3912870,0.0
10/11/2021,0,0,0.5(0.00 %),0,0,0,0,3912870,0.0
11/11/2021,0,0,0.5(0.00 %),0,0,0,0,3912870,0.0
12/11/2021,0,0,0.5(0.00 %),0,0,0,0,3912870,0.0
15/11/2021,0,0,0.5(0.00 %),0,0,0,0,3912870,0.0
16/11/2021,0,0,0.5(0.00 %),0,0,0,0,3912870,0.0
17/11/2021,0,0,0.5(0.00 %),0,0,0,0,3912870,0.0
18/11/2021,0,0,0.5(0.00 %),0,0,0,0,3912870,0.0
19/11/2021,0,0,0.5(0.00 %),0,0,0,0,3912870,0.0
22/11/2021,0,0,0.5(0.00 %),0,0,0,0,3912870,0.0
23/11/2021,0,0,0.5(0.00 %),0,0,0,0,3912870,0.0
24/11/2021,0,0,0.5(0.00 %),0,0,0,0,3912870,0.0
25/11/2021,0,0,0.5(0.00 %),0,0,0,0,3912870,0.0
26/11/2021,0,0,0.5(0.00 %),0,0,0,0,3912870,0.0
29/11/2021,0,0,0.5(0.00 %),0,0,0,0,3912870,0.0
30/11/2021,0,0,0.5(0.00 %),0,0,0,0,3912870,0.0
01/12/2021,0,0,0.5(0.00 %),0,0,0,0,3912870,0.0
02/12/2021,0,0,0.5(0.00 %),0,0,0,0,3912870,0.0
03/12/2021,0,0,0.5(0.00 %),0,0,0,0,3912870,0.0
06/12/2021,0,0,0.5(0.00 %),0,0,0,0,3912870,0.0
07/12/2021,0,0,0.5(0.00 %),0,0,0,0,3912870,0.0
08/12/2021,0,0,0.5(0.00 %),0,0,0,0,3912870,0.0
09/12/2021,0,0,0.5(0.00 %),0,0,0,0,3912870,0.0
10/12/2021,0,0,0.5(0.00 %),0,0,0,0,3912870,0.0
13/12/2021,0,0,0.5(0.00 %),0,0,0,0,3912870,0.0
14/12/2021,0,0,0.5(0.00 %),0,0,0,0,3912870,0.0
15/12/2021,0,0,0.5(0.00 %),0,0,0,0,3912870,0.0
16/12/2021,0,0,0.5(0.00 %),0,0,0,0,3912870,0.0
17/12/2021,0,0,0.5(0.00 %),0,0,0,0,3912870,0.0
20/12/2021,0,0,0.5(0.00 %),0,0,0,0,3912870,0.0
21/12/2021,0,0,0.5(0.00 %),0,0,0,0,3912870,0.0
22/12/2021,0,0,0.5(0.00 %),0,0,0,0,3912870,0.0
23/12/2021,0,0,0.5(0.00 %),0,0,0,0,3912870,0.09
24/12/2021,0,0,0.5(0.00 %),0,0,0,0,3912870,0.09
27/12/2021,0,0,0.5(0.00 %),0,0,0,0,3912870,0.09
28/12/2021,0,0,0(0.00 %),0,0,0,0,3912870,0.0
29/12/2021,0,0,0.5(0.00 %),0,0,0,0,3912870,0.09
30/12/2021,0,0,0.5(0.00 %),0,0,0,0,3912870,0.09
31/12/2021,0,0,0.5(0.00 %),0,0,0,0,3912870,0.09
04/01/2022,0,0,0.5(0.00 %),0,0,0,0,3912870,0.09
05/01/2022,0,0,0.5(0.00 %),0,0,0,0,3912870,0.09
06/01/2022,0,0,0.5(0.00 %),0,0,0,0,3912870,0.09
07/01/2022,0,0,0.5(0.00 %),0,0,0,0,3912870,0.09
10/01/2022,0,0,0.5(0.00 %),0,0,0,0,3912870,0.09
11/01/2022,0,0,0.5(0.00 %),0,0,0,0,3912870,0.09
12/01/2022,0,0,0.5(0.00 %),0,0,0,0,3912870,0.09
13/01/2022,0,0,0.5(0.00 %),0,0,0,0,3912870,0.09
14/01/2022,0,0,0.5(0.00 %),0,0,0,0,3912870,0.09
17/01/2022,0,0,0.5(0.00 %),0,0,0,0,3912870,0.09
18/01/2022,0,0,0.5(0.00 %),0,0,0,0,3912870,0.09
19/01/2022,0,0,0.5(0.00 %),0,0,0,0,3912870,0.09
20/01/2022,0,0,0.5(0.00 %),0,0,0,0,3912870,0.09
21/01/2022,0,0,0.5(0.00 %),0,0,0,0,3912870,0.09
24/01/2022,0,0,0.5(0.00 %),0,0,0,0,3912870,0.09
25/01/2022,0,0,0.5(0.00 %),0,0,0,0,3912870,0.09
26/01/2022,0,0,0.5(0.00 %),0,0,0,0,3912870,0.09
27/01/2022,0,0,0.5(0.00 %),0,0,0,0,3912870,0.09
28/01/2022,0,0,0.5(0.00 %),0,0,0,0,3912870,0.09
07/02/2022,0,0,0.5(0.00 %),0,0,0,0,3912870,0.09
08/02/2022,0,0,0.5(0.00 %),0,0,0,0,3912870,0.09
09/02/2022,0,0,0.5(0.00 %),0,0,0,0,3912870,0.09
10/02/2022,0,0,0.5(0.00 %),0,0,0,0,3912870,0.09
11/02/2022,0,0,0.5(0.00 %),0,0,0,0,3912870,0.09
14/02/2022,0,0,0.5(0.00 %),0,0,0,0,3912870,0.09
15/02/2022,0,0,0.5(0.00 %),0,0,0,0,3912870,0.09
16/02/2022,0,0,0.5(0.00 %),0,0,0,0,3912870,0.09
17/02/2022,0,0,0.5(0.00 %),0,0,0,0,3912870,0.09
18/02/2022,0,0,0.5(0.00 %),0,0,0,0,3912870,0.09
21/02/2022,0,0,0.5(0.00 %),0,0,0,0,3912870,0.09
22/02/2022,0,0,0.5(0.00 %),0,0,0,0,3912870,0.09
23/02/2022,0,0,0.5(0.00 %),0,0,0,0,3912870,0.09
24/02/2022,0,0,0.5(0.00 %),0,0,0,0,3912870,0.09
25/02/2022,0,0,0.5(0.00 %),0,0,0,0,3912870,0.09
28/02/2022,0,0,0.5(0.00 %),0,0,0,0,3912870,0.09
01/03/2022,0,0,0.5(0.00 %),0,0,0,0,3912870,0.09
02/03/2022,0,0,0.5(0.00 %),0,0,0,0,3912870,0.09
03/03/2022,0,0,0.5(0.00 %),0,0,0,0,3912870,0.09
04/03/2022,0,0,0.5(0.00 %),0,0,0,0,3912870,0.09
07/03/2022,0,0,0.5(0.00 %),0,0,0,0,3912870,0.09
08/03/2022,0,0,0.5(0.00 %),0,0,0,0,3912870,0.09
09/03/2022,0,0,0.5(0.00 %),0,0,0,0,3912870,0.09
10/03/2022,0,0,0.5(0.00 %),0,0,0,0,3912870,0.09
11/03/2022,0,0,0.5(0.00 %),0,0,0,0,3912870,0.09
14/03/2022,0,0,0.5(0.00 %),0,0,0,0,3912870,0.09
15/03/2022,0,0,0.5(0.00 %),0,0,0,0,3912870,0.09
16/03/2022,0,0,0.5(0.00 %),0,0,0,0,3912870,0.09
17/03/2022,0,0,0.5(0.00 %),0,0,0,0,3912870,0.09
18/03/2022,0,0,0.5(0.00 %),0,0,0,0,3912870,0.09
21/03/2022,0,0,0.5(0.00 %),0,0,0,0,3912870,0.09
22/03/2022,0,0,0.5(0.00 %),0,0,0,0,3912870,0.09
23/03/2022,0,0,0.5(0.00 %),0,0,0,0,3912870,0.09
24/03/2022,0,0,0.5(0.00 %),0,0,0,0,3912870,0.09
25/03/2022,0,0,0.5(0.00 %),0,0,0,0,3912870,0.09
28/03/2022,0,0,0.5(0.00 %),0,0,0,0,3912870,0.09
29/03/2022,0,0,0.5(0.00 %),0,0,0,0,3912870,0.09
30/03/2022,0,0,0.5(0.00 %),0,0,0,0,3912870,0.09
31/03/2022,0,0,0.5(0.00 %),0,0,0,0,3912870,0.09
01/04/2022,0,0,0.5(0.00 %),0,0,0,0,3912870,0.09
04/04/2022,0,0,0.5(0.00 %),0,0,0,0,3912870,0.09
05/04/2022,0,0,0.5(0.00 %),0,0,0,0,3912870,0.09
06/04/2022,0,0,0.5(0.00 %),0,0,0,0,3912870,0.09
07/04/2022,0,0,0.5(0.00 %),0,0,0,0,3912870,0.09
08/04/2022,0,0,0.5(0.00 %),0,0,0,0,3912870,0.09
12/04/2022,0,0,0.5(0.00 %),0,0,0,0,3912870,0.0
13/04/2022,0,0,0.5(0.00 %),0,0,0,0,3912870,0.09
14/04/2022,0,0,0.5(0.00 %),0,0,0,0,3912870,0.09
15/04/2022,0,0,0(0.00 %),0,0,0,0,3912870,0.09
18/04/2022,0,0,0(0.00 %),0,0,0,0,3912870,0.09
19/04/2022,0,0,0.5(0.00 %),0,0,0,0,3912870,0.09
20/04/2022,0,0,0.5(0.00 %),0,0,0,0,3912870,0.09
21/04/2022,0,0,0.5(0.00 %),0,0,0,0,3912870,0.09
22/04/2022,0,0,0.5(0.00 %),0,0,0,0,3912870,0.09
25/04/2022,0,0,0.5(0.00 %),0,0,0,0,3912870,0.09
26/04/2022,0,0,0.5(0.00 %),0,0,0,0,3912870,0.09
27/04/2022,0,0,0.5(0.00 %),0,0,0,0,3912870,0.09
28/04/2022,0,0,0.5(0.00 %),0,0,0,0,3912870,0.09
29/04/2022,0,0,0.5(0.00 %),0,0,0,0,3912870,0.09
04/05/2022,0,0,0.5(0.00 %),0,0,0,0,3912870,0.09
05/05/2022,0,0,0.5(0.00 %),0,0,0,0,3912870,0.09
06/05/2022,0,0,0.5(0.00 %),0,0,0,0,3912870,0.09
09/05/2022,0,0,0.5(0.00 %),0,0,0,0,3912870,0.09
10/05/2022,0,0,0.5(0.00 %),0,0,0,0,3912870,0.09
11/05/2022,0,0,0.5(0.00 %),0,0,0,0,3912870,0.09
12/05/2022,0,0,0.5(0.00 %),0,0,0,0,3912870,0.09
13/05/2022,0,0,0.5(0.00 %),0,0,0,0,3912870,0.09
16/05/2022,0,0,0.5(0.00 %),0,0,0,0,3912870,0.09
17/05/2022,0,0,0.5(0.00 %),0,0,0,0,3912870,0.09
18/05/2022,0,0,0.5(0.00 %),0,0,0,0,3912870,0.09
19/05/2022,0,0,0.5(0.00 %),0,0,0,0,3912870,0.09
20/05/2022,0,0,0.5(0.00 %),0,0,0,0,3912870,0.09
23/05/2022,0,0,0.5(0.00 %),0,0,0,0,3912870,0.09
24/05/2022,0,0,0.5(0.00 %),0,0,0,0,3912870,0.09
25/05/2022,0,0,0.5(0.00 %),0,0,0,0,3912870,0.09
26/05/2022,0,0,0.5(0.00 %),0,0,0,0,3912870,0.09
27/05/2022,0,0,0.5(0.00 %),0,0,0,0,3912870,0.09
30/05/2022,0,0,0.5(0.00 %),0,0,0,0,3912870,0.09
31/05/2022,0,0,0.5(0.00 %),0,0,0,0,3912870,0.09
01/06/2022,0,0,0.5(0.00 %),0,0,0,0,3912870,0.09
02/06/2022,0,0,0.5(0.00 %),0,0,0,0,3912870,0.09
03/06/2022,0,0,0.5(0.00 %),0,0,0,0,3912870,0.09
06/06/2022,0,0,0.5(0.00 %),0,0,0,0,3912870,0.09
07/06/2022,0,0,0.5(0.00 %),0,0,0,0,3912870,0.09
08/06/2022,0,0,0.5(0.00 %),0,0,0,0,3912870,0.09
09/06/2022,0,0,0.5(0.00 %),0,0,0,0,3912870,0.09
10/06/2022,0,0,0.5(0.00 %),0,0,0,0,3912870,0.09
13/06/2022,0,0,0.5(0.00 %),0,0,0,0,3912870,0.09
14/06/2022,0,0,0.5(0.00 %),0,0,0,0,3912870,0.09
15/06/2022,0,0,0.5(0.00 %),0,0,0,0,3912870,0.09
16/06/2022,0,0,0.5(0.00 %),0,0,0,0,3912870,0.09
17/06/2022,0,0,0.5(0.00 %),0,0,0,0,3912870,0.09
20/06/2022,0,0,0.5(0.00 %),0,0,0,0,3912870,0.09
21/06/2022,0,0,0.5(0.00 %),0,0,0,0,3912870,0.09
22/06/2022,0,0,0.5(0.00 %),0,0,0,0,3912870,0.09
23/06/2022,0,0,0.5(0.00 %),0,0,0,0,3912870,0.09
24/06/2022,0,0,0.5(0.00 %),0,0,0,0,3912870,0.09
27/06/2022,0,0,0.5(0.00 %),0,0,0,0,3912870,0.09
28/06/2022,0,0,0.5(0.00 %),0,0,0,0,3912870,0.09
29/06/2022,0,0,0.5(0.00 %),0,0,0,0,3912870,0.09
30/06/2022,0,0,0.5(0.00 %),0,0,0,0,3912870,0.09
01/07/2022,0,0,0.5(0.00 %),0,0,0,0,3912870,0.09
04/07/2022,0,0,0.5(0.00 %),0,0,0,0,3912870,0.09
05/07/2022,0,0,0.5(0.00 %),0,0,0,0,3912870,0.09
06/07/2022,0,0,0.5(0.00 %),0,0,0,0,3912870,0.09
07/07/2022,0,0,0.5(0.00 %),0,0,0,0,3912870,0.09
08/07/2022,0,0,0.5(0.00 %),0,0,0,0,3912870,0.09
11/07/2022,0,0,0.5(0.00 %),0,0,0,0,3912870,0.09
12/07/2022,0,0,0.5(0.00 %),0,0,0,0,3912870,0.09
13/07/2022,0,0,0.5(0.00 %),0,0,0,0,3912870,0.09
14/07/2022,0,0,0.5(0.00 %),0,0,0,0,3912870,0.09
15/07/2022,0,0,0.5(0.00 %),0,0,0,0,3912870,0.09
18/07/2022,0,0,0.5(0.00 %),0,0,0,0,3912870,0.09
19/07/2022,0,0,0.5(0.00 %),0,0,0,0,3912870,0.09
20/07/2022,0,0,0.5(0.00 %),0,0,0,0,3912870,0.09
21/07/2022,0,0,0.5(0.00 %),0,0,0,0,3912870,0.09
22/07/2022,0,0,0.5(0.00 %),0,0,0,0,3912870,0.09
25/07/2022,0,0,0.5(0.00 %),0,0,0,0,3912870,0.09
26/07/2022,0,0,0.5(0.00 %),0,0,0,0,3912870,0.09
27/07/2022,0,0,0.5(0.00 %),0,0,0,0,3912870,0.09
28/07/2022,0,0,0.5(0.00 %),0,0,0,0,3912870,0.09
29/07/2022,0,0,0.5(0.00 %),0,0,0,0,3912870,0.09
01/08/2022,0,0,0.5(0.00 %),0,0,0,0,3912870,0.09
02/08/2022,0,0,0.5(0.00 %),0,0,0,0,3912870,0.09
03/08/2022,0,0,0.5(0.00 %),0,0,0,0,3912870,0.09
04/08/2022,0,0,0.5(0.00 %),0,0,0,0,3912870,0.09
05/08/2022,0,0,0.5(0.00 %),0,0,0,0,3912870,0.09
08/08/2022,0,0,0.5(0.00 %),0,0,0,0,3912870,0.09
09/08/2022,0,0,0.5(0.00 %),0,0,0,0,3912870,0.09
10/08/2022,0,0,0.5(0.00 %),0,0,0,0,3912870,0.09
11/08/2022,0,0,0.5(0.00 %),0,0,0,0,3912870,0.09
12/08/2022,0,0,0.5(0.00 %),0,0,0,0,3912870,0.09
15/08/2022,0,0,0.5(0.00 %),0,0,0,0,3912870,0.09
16/08/2022,0,0,0.5(0.00 %),0,0,0,0,3912870,0.09
17/08/2022,0,0,0.5(0.00 %),0,0,0,0,3912870,0.09
18/08/2022,0,0,0.5(0.00 %),0,0,0,0,3917870,0.03
19/08/2022,0,0,0.5(0.00 %),0,0,0,0,3917870,0.03
22/08/2022,0,0,0.5(0.00 %),0,0,0,0,3917870,0.03
23/08/2022,0,0,0.5(0.00 %),0,0,0,0,3917870,0.03
24/08/2022,0,0,0.5(0.00 %),0,0,0,0,3917870,0.03
25/08/2022,0,0,0.5(0.00 %),0,0,0,0,3917870,0.03
26/08/2022,0,0,0.5(0.00 %),0,0,0,0,3917870,0.03
29/08/2022,0,0,0.5(0.00 %),0,0,0,0,3917870,0.03
30/08/2022,0,0,0.5(0.00 %),0,0,0,0,3917870,0.03
31/08/2022,0,0,0.5(0.00 %),0,0,0,0,3917870,0.03
05/09/2022,0,0,0.5(0.00 %),0,0,0,0,3917870,0.03
06/09/2022,0,0,0.5(0.00 %),0,0,0,0,3917870,0.03
07/09/2022,0,0,0.5(0.00 %),0,0,0,0,3917870,0.03
08/09/2022,0,0,0.5(0.00 %),0,0,0,0,3917870,0.03
09/09/2022,0,0,0.5(0.00 %),0,0,0,0,3917870,0.03
12/09/2022,0,0,0.5(0.00 %),0,0,0,0,3917870,0.03
13/09/2022,0,0,0.5(0.00 %),0,0,0,0,3917870,0.03
14/09/2022,0,0,0.5(0.00 %),0,0,0,0,3917870,0.03
15/09/2022,0,0,0.5(0.00 %),0,0,0,0,0,0.03
16/09/2022,0,0,0.5(0.00 %),0,0,0,0,3917870,0.03
19/09/2022,0,0,0.5(0.00 %),0,0,0,0,3917870,0.0
20/09/2022,0,0,0.5(0.00 %),0,0,0,0,3917870,0.03
21/09/2022,0,0,0.5(0.00 %),0,0,0,0,3917870,0.03
22/09/2022,0,0,0.5(0.00 %),0,0,0,0,3917870,0.03
23/09/2022,0,0,0.5(0.00 %),0,0,0,0,3917870,0.0
26/09/2022,0,0,0.5(0.00 %),0,0,0,0,3917870,0.03
27/09/2022,0,0,0.5(0.00 %),0,0,0,0,3917870,0.03
28/09/2022,0,0,0.5(0.00 %),0,0,0,0,3917870,0.03
29/09/2022,0,0,0.5(0.00 %),0,0,0,0,3917870,0.03
30/09/2022,0,0,0.5(0.00 %),0,0,0,0,3917870,0.03
03/10/2022,0,0,0.5(0.00 %),0,0,0,0,3917870,0.03
04/10/2022,0,0,0.5(0.00 %),0,0,0,0,3917870,0.03
05/10/2022,0,0,0.5(0.00 %),0,0,0,0,3917870,0.03
06/10/2022,0,0,0.5(0.00 %),0,0,0,0,3917870,0.03
07/10/2022,0,0,0.5(0.00 %),0,0,0,0,3917870,0.03
10/10/2022,0,0,0.5(0.00 %),0,0,0,0,3917870,0.03
11/10/2022,0,0,0.5(0.00 %),0,0,0,0,3917870,0.03
12/10/2022,0,0,0.5(0.00 %),0,0,0,0,3917870,0.03
13/10/2022,0,0,0.5(0.00 %),0,0,0,0,3917870,0.03
14/10/2022,0,0,0.5(0.00 %),0,0,0,0,3917870,0.03
17/10/2022,0,0,0.5(0.00 %),0,0,0,0,3917870,0.03
18/10/2022,0,0,0.5(0.00 %),0,0,0,0,3917870,0.03
19/10/2022,0,0,0.5(0.00 %),0,0,0,0,3917870,0.03
20/10/2022,0,0,0.5(0.00 %),0,0,0,0,3917870,0.03
21/10/2022,0,0,0.5(0.00 %),0,0,0,0,3917870,0.03
24/10/2022,0,0,0.5(0.00 %),0,0,0,0,3917870,0.03
25/10/2022,0,0,0.5(0.00 %),0,0,0,0,3917870,0.03
26/10/2022,0,0,0.5(0.00 %),0,0,0,0,3917870,0.03
27/10/2022,0,0,0.5(0.00 %),0,0,0,0,3917870,0.03
28/10/2022,0,0,0.5(0.00 %),0,0,0,0,3917870,0.03
31/10/2022,0,0,0.5(0.00 %),0,0,0,0,3917870,0.03
01/11/2022,0,0,0.5(0.00 %),0,0,0,0,3917870,0.03
02/11/2022,0,0,0.5(0.00 %),0,0,0,0,3917870,0.03
03/11/2022,0,0,0.5(0.00 %),0,0,0,0,3917870,0.03
04/11/2022,0,0,0.5(0.00 %),0,0,0,0,3917870,0.03
07/11/2022,0,0,0.5(0.00 %),0,0,0,0,3917870,0.03
08/11/2022,0,0,0.5(0.00 %),0,0,0,0,3917870,0.03
09/11/2022,0,0,0.5(0.00 %),0,0,0,0,3917870,0.03
10/11/2022,0,0,0.5(0.00 %),0,0,0,0,3917870,0.03
11/11/2022,0,0,0.5(0.00 %),0,0,0,0,3917870,0.03
14/11/2022,0,0,0.5(0.00 %),0,0,0,0,3917870,0.03
15/11/2022,0,0,0.5(0.00 %),0,0,0,0,3917870,0.03
16/11/2022,0,0,0.5(0.00 %),0,0,0,0,3917870,0.03
17/11/2022,0,0,0.5(0.00 %),0,0,0,0,3917870,0.03
18/11/2022,0,0,0.5(0.00 %),0,0,0,0,3917870,0.03
21/11/2022,0,0,0.5(0.00 %),0,0,0,0,3917870,0.03
22/11/2022,0,0,0.5(0.00 %),0,0,0,0,3917870,0.03
23/11/2022,0,0,0.5(0.00 %),0,0,0,0,3917870,0.03
24/11/2022,0,0,0.5(0.00 %),0,0,0,0,3917870,0.03
25/11/2022,0,0,0.5(0.00 %),0,0,0,0,3917870,0.03
28/11/2022,0,0,0.5(0.00 %),0,0,0,0,3917870,0.0
29/11/2022,0,0,0.5(0.00 %),0,0,0,0,3917870,0.0
30/11/2022,0,0,0.5(0.00 %),0,0,0,0,3917870,0.0
01/12/2022,0,0,0.5(0.00 %),0,0,0,0,3917870,0.0
02/12/2022,0,0,0.5(0.00 %),0,0,0,0,3917870,0.0
05/12/2022,0,0,0.5(0.00 %),0,0,0,0,3917870,0.0
06/12/2022,0,0,0.5(0.00 %),0,0,0,0,3917870,0.0
07/12/2022,0,0,0.5(0.00 %),0,0,0,0,3917870,0.0
08/12/2022,0,0,0.5(0.00 %),0,0,0,0,3917870,0.03
09/12/2022,0,0,0.5(0.00 %),0,0,0,0,3917870,0.03
12/12/2022,0,0,0.5(0.00 %),0,0,0,0,3917870,0.0
13/12/2022,0,0,0.5(0.00 %),0,0,0,0,3917870,0.0
14/12/2022,0,0,0.5(0.00 %),0,0,0,0,3917870,0.0
15/12/2022,0,0,0.5(0.00 %),0,0,0,0,3917870,0.0
16/12/2022,0,0,0.5(0.00 %),0,0,0,0,3917870,0.0
19/12/2022,0,0,0.5(0.00 %),0,0,0,0,3917870,0.0
20/12/2022,0,0,0.5(0.00 %),0,0,0,0,3917870,0.0
21/12/2022,0,0,0.5(0.00 %),0,0,0,0,3917870,0.0
22/12/2022,0,0,0.5(0.00 %),0,0,0,0,3917870,0.0
23/12/2022,0,0,0.5(0.00 %),0,0,0,0,3917870,0.0
26/12/2022,0,0,0.5(0.00 %),0,0,0,0,3917870,0.0
27/12/2022,0,0,0.5(0.00 %),0,0,0,0,3917870,0.0
28/12/2022,0,0,0.5(0.00 %),0,0,0,0,3917870,0.03
29/12/2022,0,0,0.5(0.00 %),0,0,0,0,3917870,0.03
30/12/2022,0,0,0.5(0.00 %),0,0,0,0,3917870,0.03
03/01/2023,0,0,0.5(0.00 %),0,0,0,0,3917870,0.0
04/01/2023,0,0,0.5(0.00 %),0,0,0,0,3917870,0.03
05/01/2023,0,0,0.5(0.00 %),0,0,0,0,3917870,0.03
06/01/2023,0,0,0.5(0.00 %),0,0,0,0,3917870,0.03
09/01/2023,0,0,0.5(0.00 %),0,0,0,0,3917870,0.03
10/01/2023,0,0,0.5(0.00 %),0,0,0,0,3917870,0.03
11/01/2023,0,0,0.5(0.00 %),0,0,0,0,3917870,0.03
12/01/2023,0,0,0.5(0.00 %),0,0,0,0,3917870,0.03
13/01/2023,0,0,0.5(0.00 %),0,0,0,0,3917870,0.03
16/01/2023,0,0,0.5(0.00 %),0,0,0,0,3917870,0.03
17/01/2023,0,0,0.5(0.00 %),0,0,0,0,3917870,0.03
18/01/2023,0,0,0.5(0.00 %),0,0,0,0,3917870,0.03
19/01/2023,0,0,0.5(0.00 %),0,0,0,0,3917870,0.03
27/01/2023,0,0,0.5(0.00 %),0,0,0,0,3917870,0.03
30/01/2023,0,0,0.5(0.00 %),0,0,0,0,3917870,0.03
31/01/2023,0,0,0.5(0.00 %),0,0,0,0,3917870,0.03
01/02/2023,0,0,0.5(0.00 %),0,0,0,0,3917870,0.03
02/02/2023,0,0,0.5(0.00 %),0,0,0,0,3917870,0.03
03/02/2023,0,0,0.5(0.00 %),0,0,0,0,3917870,0.03
06/02/2023,0,0,0.5(0.00 %),0,0,0,0,3917870,0.03
07/02/2023,0,0,0.5(0.00 %),0,0,0,0,3917870,0.03
08/02/2023,0,0,0.5(0.00 %),0,0,0,0,3917870,0.03
09/02/2023,0,0,0.5(0.00 %),0,0,0,0,3917870,0.03
10/02/2023,0,0,0.5(0.00 %),0,0,0,0,3917870,0.03
13/02/2023,0,0,0.5(0.00 %),0,0,0,0,3917870,0.03
14/02/2023,0,0,0.5(0.00 %),0,0,0,0,3917870,0.03
15/02/2023,0,0,0.5(0.00 %),0,0,0,0,3917870,0.03
16/02/2023,0,0,0.5(0.00 %),0,0,0,0,3917870,0.03
17/02/2023,0,0,0(0.00 %),0,0,0,0,3917870,0.03
20/02/2023,0,0,0.5(0.00 %),0,0,0,0,3917870,0.03
21/02/2023,0,0,0.5(0.00 %),0,0,0,0,3917870,0.03
22/02/2023,0,0,0.5(0.00 %),0,0,0,0,3917870,0.03
23/02/2023,0,0,0.5(0.00 %),0,0,0,0,3917870,0.03
24/02/2023,0,0,0.5(0.00 %),0,0,0,0,3917870,0.0
27/02/2023,0,0,0.5(0.00 %),0,0,0,0,3917870,0.03
28/02/2023,0,0,0.5(0.00 %),0,0,0,0,3917870,0.03
01/03/2023,0,0,0.5(0.00 %),0,0,0,0,3917870,0.03
02/03/2023,0,0,0.5(0.00 %),0,0,0,0,3917870,0.03
03/03/2023,0,0,0.5(0.00 %),0,0,0,0,3917870,0.03
06/03/2023,0,0,0.5(0.00 %),0,0,0,0,3917870,0.03
07/03/2023,0,0,0.5(0.00 %),0,0,0,0,3917870,0.03
08/03/2023,0,0,0.5(0.00 %),0,0,0,0,3917870,0.03
09/03/2023,0,0,0.5(0.00 %),0,0,0,0,3917870,0.03
10/03/2023,0,0,0.5(0.00 %),0,0,0,0,3917870,0.03
13/03/2023,0,0,0.5(0.00 %),0,0,0,0,3917870,0.0
14/03/2023,0,0,0.5(0.00 %),0,0,0,0,3917870,0.03
15/03/2023,0,0,0.5(0.00 %),0,0,0,0,3917870,0.03
16/03/2023,0,0,0.5(0.00 %),0,0,0,0,3917870,0.03
17/03/2023,0,0,0.5(0.00 %),0,0,0,0,3917870,0.03
20/03/2023,0,0,0.5(0.00 %),0,0,0,0,3917870,0.03
21/03/2023,0,0,0.5(0.00 %),0,0,0,0,3917870,0.03
22/03/2023,0,0,0.5(0.00 %),0,0,0,0,3917870,0.03
23/03/2023,0,0,0.5(0.00 %),0,0,0,0,3917870,0.03
24/03/2023,0,0,0.5(0.00 %),0,0,0,0,3917870,0.03
27/03/2023,0,0,0.5(0.00 %),0,0,0,0,3917870,0.03
28/03/2023,0,0,0.5(0.00 %),0,0,0,0,3917870,0.0
29/03/2023,0,0,0.5(0.00 %),0,0,0,0,3917870,0.03
30/03/2023,0,0,0.5(0.00 %),0,0,0,0,3917870,0.03
31/03/2023,0,0,0.5(0.00 %),0,0,0,0,3917870,0.03
03/04/2023,0,0,0.5(0.00 %),0,0,0,0,3917870,0.03
04/04/2023,0,0,0.5(0.00 %),0,0,0,0,3917870,0.03
05/04/2023,0,0,0.5(0.00 %),0,0,0,0,3917870,0.03
06/04/2023,0,0,0.5(0.00 %),0,0,0,0,3917870,0.03
07/04/2023,0,0,0.5(0.00 %),0,0,0,0,3917870,0.03
10/04/2023,0,0,0.5(0.00 %),0,0,0,0,3917870,0.03
11/04/2023,0,0,0.5(0.00 %),0,0,0,0,3917870,0.03
12/04/2023,0,0,0.5(0.00 %),0,0,0,0,3917870,0.0
13/04/2023,0,0,0.5(0.00 %),0,0,0,0,3917870,0.03
14/04/2023,0,0,0.5(0.00 %),0,0,0,0,3917870,0.03
17/04/2023,0,0,0.5(0.00 %),0,0,0,0,3917870,0.03
18/04/2023,0,0,0.5(0.00 %),0,0,0,0,3917870,0.03
19/04/2023,0,0,0.5(0.00 %),0,0,0,0,3917870,0.03
20/04/2023,0,0,0.5(0.00 %),0,0,0,0,3917870,0.0
21/04/2023,0,0,0.5(0.00 %),0,0,0,0,3917870,0.03
24/04/2023,0,0,0.5(0.00 %),0,0,0,0,3917870,0.03
25/04/2023,0,0,0.5(0.00 %),0,0,0,0,3917870,0.03
26/04/2023,0,0,0.5(0.00 %),0,0,0,0,3917870,0.03
27/04/2023,0,0,0.5(0.00 %),0,0,0,0,3917870,0.0
28/04/2023,0,0,0.5(0.00 %),0,0,0,0,3917870,0.0
04/05/2023,0,0,0.5(0.00 %),0,0,0,0,3917870,0.0
05/05/2023,0,0,0.5(0.00 %),0,0,0,0,3917870,0.03
08/05/2023,0,0,0.5(0.00 %),0,0,0,0,3917870,0.03
09/05/2023,0,0,0.5(0.00 %),0,0,0,0,3917870,0.03
10/05/2023,0,0,0.5(0.00 %),0,0,0,0,3917870,0.0
11/05/2023,0,0,0.5(0.00 %),0,0,0,0,3917870,0.0
12/05/2023,0,0,0.5(0.00 %),0,0,0,0,3917870,0.03
15/05/2023,0,0,0.5(0.00 %),0,0,0,0,3917870,0.0
16/05/2023,0,0,0.5(0.00 %),0,0,0,0,3917870,0.0
17/05/2023,0,0,0.5(0.00 %),0,0,0,0,3917870,0.0
18/05/2023,0,0,0.5(0.00 %),0,0,0,0,3917870,0.0
19/05/2023,0,0,0.5(0.00 %),0,0,0,0,3917870,0.0
22/05/2023,0,0,0.5(0.00 %),0,0,0,0,3917870,0.0
23/05/2023,0,0,0.5(0.00 %),0,0,0,0,3917870,0.0
24/05/2023,0,0,0.5(0.00 %),0,0,0,0,3917870,0.0
25/05/2023,0,0,0.5(0.00 %),0,0,0,0,3917870,0.0
26/05/2023,0,0,0.5(0.00 %),0,0,0,0,3917870,0.0
29/05/2023,0,0,0.5(0.00 %),0,0,0,0,3917870,0.0
30/05/2023,0,0,0.5(0.00 %),0,0,0,0,3917870,0.0
31/05/2023,0,0,0.5(0.00 %),0,0,0,0,3917870,0.0
01/06/2023,0,0,0.5(0.00 %),0,0,0,0,3917870,0.0
02/06/2023,0,0,0.5(0.00 %),0,0,0,0,3917870,0.0
05/06/2023,0,0,0.5(0.00 %),0,0,0,0,3917870,0.0
06/06/2023,0,0,0.5(0.00 %),0,0,0,0,3917870,0.0
07/06/2023,0,0,0.5(0.00 %),0,0,0,0,3917870,0.0
08/06/2023,0,0,0.5(0.00 %),0,0,0,0,3917870,0.0
09/06/2023,0,0,0.5(0.00 %),0,0,0,0,3917870,0.0
12/06/2023,0,0,0.5(0.00 %),0,0,0,0,3917870,0.0
13/06/2023,0,0,0.5(0.00 %),0,0,0,0,3917870,0.0
14/06/2023,0,0,0.5(0.00 %),0,0,0,0,3917870,0.0
15/06/2023,0,0,0.5(0.00 %),0,0,0,0,3917870,0.0
16/06/2023,0,0,0.5(0.00 %),0,0,0,0,3917870,0.03
19/06/2023,0,0,0.5(0.00 %),0,0,0,0,3917870,0.03
20/06/2023,0,0,0.5(0.00 %),0,0,0,0,3917870,0.03
21/06/2023,0,0,0.5(0.00 %),0,0,0,0,3917870,0.03
22/06/2023,0,0,0.5(0.00 %),0,0,0,0,3917870,0.0
23/06/2023,0,0,0.5(0.00 %),0,0,0,0,3917870,0.03
26/06/2023,0,0,0.5(0.00 %),0,0,0,0,3917870,0.03
27/06/2023,0,0,0.5(0.00 %),0,0,0,0,3917870,0.03
28/06/2023,0,0,0.5(0.00 %),0,0,0,0,3917870,0.03
29/06/2023,0,0,0.5(0.00 %),0,0,0,0,3917870,0.03
30/06/2023,0,0,0.5(0.00 %),0,0,0,0,3917870,0.03
03/07/2023,0,0,0.5(0.00 %),0,0,0,0,3917870,0.03
04/07/2023,0,0,0.5(0.00 %),0,0,0,0,3917870,0.03
05/07/2023,0,0,0.5(0.00 %),0,0,0,0,3917870,0.03
06/07/2023,0,0,0.5(0.00 %),0,0,0,0,3917870,0.03
07/07/2023,0,0,0.5(0.00 %),0,0,0,0,3917870,0.03
10/07/2023,0,0,0.5(0.00 %),0,0,0,0,3917870,0.03
11/07/2023,0,0,0.5(0.00 %),0,0,0,0,3917870,0.03
12/07/2023,0,0,0.5(0.00 %),0,0,0,0,3917870,0.03
13/07/2023,0,0,0.5(0.00 %),0,0,0,0,3917870,0.03
14/07/2023,0,0,0.5(0.00 %),0,0,0,0,3917870,0.03
17/07/2023,0,0,0(0.00 %),0,0,0,0,3917870,0.03
18/07/2023,0,0,0.5(0.00 %),0,0,0,0,3917870,0.03
19/07/2023,0,0,0.5(0.00 %),0,0,0,0,3917870,0.03
20/07/2023,0,0,0.5(0.00 %),0,0,0,0,3917870,0.0
21/07/2023,0,0,0.5(0.00 %),0,0,0,0,3917870,0.03
24/07/2023,0,0,0.5(0.00 %),0,0,0,0,3917870,0.03
25/07/2023,0,0,0.5(0.00 %),0,0,0,0,3917870,0.03
26/07/2023,0,0,0.5(0.00 %),0,0,0,0,3917870,0.0
27/07/2023,0,0,0.5(0.00 %),0,0,0,0,3917870,0.0
28/07/2023,0,0,0.5(0.00 %),0,0,0,0,3917870,0.0
31/07/2023,0,0,0.5(0.00 %),0,0,0,0,3917870,0.03
01/08/2023,0,0,0(0.00 %),0,0,0,0,3917870,0.03
02/08/2023,0,0,0(0.00 %),0,0,0,0,3917870,0.03
03/08/2023,0,0,0.5(0.00 %),0,0,0,0,3917870,0.03
04/08/2023,0,0,0.5(0.00 %),0,0,0,0,3917870,0.03
07/08/2023,0,0,0.5(0.00 %),0,0,0,0,3917870,0.0
08/08/2023,0,0,0.5(0.00 %),0,0,0,0,3917870,0.0
09/08/2023,0,0,0.5(0.00 %),0,0,0,0,3917870,0.0
10/08/2023,0,0,0.5(0.00 %),0,0,0,0,3917870,0.0
11/08/2023,0,0,0.5(0.00 %),0,0,0,0,3917870,0.0
14/08/2023,0,0,0.5(0.00 %),0,0,0,0,3917870,0.03
15/08/2023,0,0,0.5(0.00 %),0,0,0,0,3917870,0.03
16/08/2023,0,0,0.5(0.00 %),0,0,0,0,3917870,0.03
17/08/2023,0,0,0.5(0.00 %),0,0,0,0,3917870,0.03
18/08/2023,0,0,0.5(0.00 %),0,0,0,0,3917870,0.03
21/08/2023,0,0,0.5(0.00 %),0,0,0,0,3917870,0.03
22/08/2023,0,0,0.5(0.00 %),0,0,0,0,3917870,0.03
23/08/2023,0,0,0.5(0.00 %),0,0,0,0,3917870,0.03
24/08/2023,0,0,0.5(0.00 %),0,0,0,0,3917870,0.03
25/08/2023,0,0,0.5(0.00 %),0,0,0,0,3917870,0.03
28/08/2023,0,0,0.5(0.00 %),0,0,0,0,3917870,0.03
29/08/2023,0,0,0.5(0.00 %),0,0,0,0,3917870,0.03
30/08/2023,0,0,0.5(0.00 %),0,0,0,0,3917870,0.03
31/08/2023,0,0,0.5(0.00 %),0,0,0,0,3917870,0.03
05/09/2023,0,0,0.5(0.00 %),0,0,0,0,3917870,0.03
06/09/2023,0,0,0.5(0.00 %),0,0,0,0,3917870,0.0
07/09/2023,0,0,0.5(0.00 %),0,0,0,0,3917870,0.03
08/09/2023,0,0,0(0.00 %),0,0,0,0,3917870,0.03
11/09/2023,0,0,0.5(0.00 %),0,0,0,0,3917870,0.03
12/09/2023,0,0,0.5(0.00 %),0,0,0,0,3917870,0.03
13/09/2023,0,0,0.5(0.00 %),0,0,0,0,3917870,0.03
14/09/2023,0,0,0.5(0.00 %),0,0,0,0,3917870,0.03
15/09/2023,0,0,0.5(0.00 %),0,0,0,0,3917870,0.03
18/09/2023,0,0,0.5(0.00 %),0,0,0,0,3917870,0.0
19/09/2023,0,0,0.5(0.00 %),0,0,0,0,3917870,0.0
20/09/2023,0,0,0.5(0.00 %),0,0,0,0,3917870,0.0
21/09/2023,0,0,0.5(0.00 %),0,0,0,0,3917870,0.03
22/09/2023,0,0,0.5(0.00 %),0,0,0,0,3917870,0.03
25/09/2023,0,0,0.5(0.00 %),0,0,0,0,3917870,0.03
26/09/2023,0,0,0.5(0.00 %),0,0,0,0,3917870,0.03
27/09/2023,0,0,0.5(0.00 %),0,0,0,0,3917870,0.0
28/09/2023,0,0,0.5(0.00 %),0,0,0,0,3917870,0.0
29/09/2023,0,0,0.5(0.00 %),0,0,0,0,3917870,0.03
02/10/2023,0,0,0.5(0.00 %),0,0,0,0,3917870,0.03
03/10/2023,0,0,0.5(0.00 %),0,0,0,0,3917870,0.03
04/10/2023,0,0,0.5(0.00 %),0,0,0,0,3917870,0.03
05/10/2023,0,0,0.5(0.00 %),0,0,0,0,3917870,0.03
06/10/2023,0,0,0.5(0.00 %),0,0,0,0,3917870,0.03
09/10/2023,0,0,0.5(0.00 %),0,0,0,0,3917870,0.03
10/10/2023,0,0,0.5(0.00 %),0,0,0,0,3917870,0.03
11/10/2023,0,0,0.5(0.00 %),0,0,0,0,3917870,0.03
12/10/2023,0,0,0.5(0.00 %),0,0,0,0,3917870,0.03
13/10/2023,0,0,0.5(0.00 %),0,0,0,0,3917870,0.03
16/10/2023,0,0,0.5(0.00 %),0,0,0,0,3917870,0.03
17/10/2023,0,0,0.5(0.00 %),0,0,0,0,3917870,0.03
18/10/2023,0,0,0.5(0.00 %),0,0,0,0,3917870,0.03
19/10/2023,0,0,0.5(0.00 %),0,0,0,0,3917870,0.03
20/10/2023,0,0,0.5(0.00 %),0,0,0,0,3917870,0.03
23/10/2023,0,0,0.5(0.00 %),0,0,0,0,3917870,0.03
24/10/2023,0,0,0.5(0.00 %),0,0,0,0,3917870,0.0
25/10/2023,0,0,0.5(0.00 %),0,0,0,0,3917870,0.03
26/10/2023,0,0,0.5(0.00 %),0,0,0,0,3917870,0.03
27/10/2023,0,0,0.5(0.00 %),0,0,0,0,3917870,0.03
30/10/2023,0,0,0.5(0.00 %),0,0,0,0,3917870,0.03
31/10/2023,0,0,0.5(0.00 %),0,0,0,0,3917870,0.03
01/11/2023,0,0,0.5(0.00 %),0,0,0,0,3917870,0.03
02/11/2023,0,0,0.5(0.00 %),0,0,0,0,3917870,0.03
03/11/2023,0,0,0.5(0.00 %),0,0,0,0,3917870,0.03
06/11/2023,0,0,0.5(0.00 %),0,0,0,0,3917870,0.03
07/11/2023,0,0,0.5(0.00 %),0,0,0,0,3917870,0.0
08/11/2023,0,0,0.5(0.00 %),0,0,0,0,3917870,0.03
09/11/2023,0,0,0.5(0.00 %),0,0,0,0,3917870,0.03
10/11/2023,0,0,0.5(0.00 %),0,0,0,0,3917870,0.03
13/11/2023,0,0,0.5(0.00 %),0,0,0,0,3917870,0.03
14/11/2023,0,0,0.5(0.00 %),0,0,0,0,3917870,0.03
15/11/2023,0,0,0.5(0.00 %),0,0,0,0,3917870,0.03
16/11/2023,0,0,0.5(0.00 %),0,0,0,0,3917870,0.0
17/11/2023,0,0,0.5(0.00 %),0,0,0,0,3917870,0.03
20/11/2023,0,0,0.5(0.00 %),0,0,0,0,3917870,0.03
21/11/2023,0,0,0.5(0.00 %),0,0,0,0,3917870,0.03
22/11/2023,0,0,0.5(0.00 %),0,0,0,0,3917870,0.03
23/11/2023,0,0,0.5(0.00 %),0,0,0,0,3917870,0.0
24/11/2023,0,0,0.5(0.00 %),0,0,0,0,3917870,0.0
27/11/2023,0,0,0.5(0.00 %),0,0,0,0,3917870,0.0
28/11/2023,0,0,0.5(0.00 %),0,0,0,0,3917870,0.0
29/11/2023,0,0,0.5(0.00 %),0,0,0,0,3917870,0.0
30/11/2023,0,0,0.5(0.00 %),0,0,0,0,3917870,0.0
01/12/2023,0,0,0.5(0.00 %),0,0,0,0,3917870,0.0
04/12/2023,0,0,0.5(0.00 %),0,0,0,0,3917870,0.0
05/12/2023,0,0,0.5(0.00 %),0,0,0,0,3917870,0.0
06/12/2023,0,0,0.5(0.00 %),0,0,0,0,3917870,0.0
07/12/2023,0,0,0.5(0.00 %),0,0,0,0,3917870,0.0
08/12/2023,0,0,0.5(0.00 %),0,0,0,0,3917870,0.0
11/12/2023,0,0,0.5(0.00 %),0,0,0,0,3917870,0.0
12/12/2023,0,0,0.5(0.00 %),0,0,0,0,3917870,0.0
13/12/2023,0,0,0.5(0.00 %),0,0,0,0,3917870,0.0
14/12/2023,0,0,0.5(0.00 %),0,0,0,0,3917870,0.0
15/12/2023,0,0,0.5(0.00 %),0,0,0,0,3917870,0.0
18/12/2023,0,0,0.5(0.00 %),0,0,0,0,3917870,0.0
19/12/2023,0,0,0.5(0.00 %),0,0,0,0,3917870,0.0
20/12/2023,0,0,0.5(0.00 %),0,0,0,0,3917870,0.0
21/12/2023,0,0,0.5(0.00 %),0,0,0,0,3917870,0.0
22/12/2023,0,0,0.5(0.00 %),0,0,0,0,3917870,0.0
25/12/2023,0,0,0.5(0.00 %),0,0,0,0,3917870,0.0
26/12/2023,0,0,0.5(0.00 %),0,0,0,0,3917870,0.03
27/12/2023,0,0,0.5(0.00 %),0,0,0,0,3917870,0.0
28/12/2023,0,0,0.5(0.00 %),0,0,0,0,3917870,0.0
29/12/2023,0,0,0.5(0.00 %),0,0,0,0,3917870,0.03
02/01/2024,0,0,0.5(0.00 %),0,0,0,0,3917870,0.03
03/01/2024,0,0,0.5(0.00 %),0,0,0,0,3917870,0.0
04/01/2024,0,0,0.5(0.00 %),0,0,0,0,3917870,0.0
05/01/2024,0,0,0.5(0.00 %),0,0,0,0,3917870,0.0
08/01/2024,0,0,0.5(0.00 %),0,0,0,0,3917870,0.0
09/01/2024,0,0,0.5(0.00 %),0,0,0,0,3917870,0.03
10/01/2024,0,0,0.5(0.00 %),0,0,0,0,3917870,0.03
11/01/2024,0,0,0.5(0.00 %),0,0,0,0,3917870,0.03
12/01/2024,0,0,0.5(0.00 %),0,0,0,0,3917870,0.0
15/01/2024,0,0,0.5(0.00 %),0,0,0,0,3917870,0.03
16/01/2024,0,0,0.5(0.00 %),0,0,0,0,3917870,0.03
17/01/2024,0,0,0.5(0.00 %),0,0,0,0,3917870,0.03
18/01/2024,0,0,0.5(0.00 %),0,0,0,0,3917870,0.0
19/01/2024,0,0,0.5(0.00 %),0,0,0,0,3917870,0.0
22/01/2024,0,0,0.5(0.00 %),0,0,0,0,3917870,0.0
23/01/2024,0,0,0.5(0.00 %),0,0,0,0,3917870,0.0
24/01/2024,0,0,0.5(0.00 %),0,0,0,0,3917870,0.0
25/01/2024,0,0,0.5(0.00 %),0,0,0,0,3917870,0.0
26/01/2024,0,0,0.5(0.00 %),0,0,0,0,3917870,0.0
29/01/2024,0,0,0.5(0.00 %),0,0,0,0,3917870,0.03
30/01/2024,0,0,0.5(0.00 %),0,0,0,0,3917870,0.03
31/01/2024,0,0,0.5(0.00 %),0,0,0,0,3917870,0.03
01/02/2024,0,0,0.5(0.00 %),0,0,0,0,3917870,0.0
02/02/2024,0,0,0.5(0.00 %),0,0,0,0,3917870,0.03
05/02/2024,0,0,0.5(0.00 %),0,0,0,0,3917870,0.0
06/02/2024,0,0,0.5(0.00 %),0,0,0,0,3917870,0.03
07/02/2024,0,0,0.5(0.00 %),0,0,0,0,3917870,0.03
15/02/2024,0,0,0.5(0.00 %),0,0,0,0,3917870,0.03
16/02/2024,0,0,0.5(0.00 %),0,0,0,0,3917870,0.03
19/02/2024,0,0,0.5(0.00 %),0,0,0,0,3917870,0.03
20/02/2024,0,0,0.5(0.00 %),0,0,0,0,3917870,0.03
21/02/2024,0,0,0.5(0.00 %),0,0,0,0,3917870,0.03
22/02/2024,0,0,0.5(0.00 %),0,0,0,0,3917870,0.03
23/02/2024,0,0,0.5(0.00 %),0,0,0,0,3917870,0.0
26/02/2024,0,0,0.5(0.00 %),0,0,0,0,3917870,0.03
27/02/2024,0,0,0.5(0.00 %),0,0,0,0,3917870,0.0
28/02/2024,0,0,0.5(0.00 %),0,0,0,0,3917870,0.0
29/02/2024,0,0,0.5(0.00 %),0,0,0,0,3917870,0.03
01/03/2024,0,0,0.5(0.00 %),0,0,0,0,3917870,0.0
04/03/2024,0,0,0.5(0.00 %),0,0,0,0,3917870,0.0
05/03/2024,0,0,0.5(0.00 %),0,0,0,0,3917870,0.03
06/03/2024,0,0,0.5(0.00 %),0,0,0,0,3917870,0.0
07/03/2024,0,0,0.5(0.00 %),0,0,0,0,3917870,0.0
08/03/2024,0,0,0.5(0.00 %),0,0,0,0,3917870,0.0
11/03/2024,0,0,0.5(0.00 %),0,0,0,0,3917870,0.0
12/03/2024,0,0,0.5(0.00 %),0,0,0,0,3917870,0.03
13/03/2024,0,0,0.5(0.00 %),0,0,0,0,3917870,0.03
14/03/2024,0,0,0.5(0.00 %),0,0,0,0,3917870,0.0
15/03/2024,0,0,0.5(0.00 %),0,0,0,0,3917870,0.0
18/03/2024,0,0,0.5(0.00 %),0,0,0,0,3917870,0.03
19/03/2024,0,0,0.5(0.00 %),0,0,0,0,3917870,0.03
20/03/2024,0,0,0.5(0.00 %),0,0,0,0,3917870,0.0
21/03/2024,0,0,0.5(0.00 %),0,0,0,0,3917870,0.0
22/03/2024,0,0,0.5(0.00 %),0,0,0,0,3917870,0.0
25/03/2024,0,0,0.5(0.00 %),0,0,0,0,3917870,0.03
26/03/2024,0,0,0.5(0.00 %),0,0,0,0,3917870,0.0
27/03/2024,0,0,0.5(0.00 %),0,0,0,0,3917870,0.03
28/03/2024,0,0,0.5(0.00 %),0,0,0,0,3917870,0.03
29/03/2024,0,0,0.5(0.00 %),0,0,0,0,3917870,0.03
01/04/2024,0,0,0.5(0.00 %),0,0,0,0,3917870,0.03
02/04/2024,0,0,0.5(0.00 %),0,0,0,0,3917870,0.0
03/04/2024,0,0,0.5(0.00 %),0,0,0,0,3917870,0.03
04/04/2024,0,0,0.5(0.00 %),0,0,0,0,3917870,0.0
05/04/2024,0,0,0.5(0.00 %),0,0,0,0,3917870,0.03
08/04/2024,0,0,0.5(0.00 %),0,0,0,0,3917870,0.0
09/04/2024,0,0,0.5(0.00 %),0,0,0,0,3917870,0.0
10/04/2024,0,0,0.5(0.00 %),0,0,0,0,3917870,0.0
11/04/2024,0,0,0.5(0.00 %),0,0,0,0,3917870,0.03
12/04/2024,0,0,0.5(0.00 %),0,0,0,0,3917870,0.03
15/04/2024,0,0,0.5(0.00 %),0,0,0,0,3917870,0.0
16/04/2024,0,0,0.5(0.00 %),0,0,0,0,3917870,0.0
17/04/2024,0,0,0.5(0.00 %),0,0,0,0,3917870,0.0
19/04/2024,0,0,0.5(0.00 %),0,0,0,0,3917870,0.0
22/04/2024,0,0,0.5(0.00 %),0,0,0,0,3917870,0.03
23/04/2024,0,0,0.5(0.00 %),0,0,0,0,3917870,0.03
25/04/2024,0,0,0.5(0.00 %),0,0,0,0,3917870,0.0
26/04/2024,0,0,0.5(0.00 %),0,0,0,0,3917870,0.03
02/05/2024,0,0,0.5(0.00 %),0,0,0,0,3917870,0.03
03/05/2024,0,0,0.5(0.00 %),0,0,0,0,3917870,0.03
06/05/2024,0,0,0.5(0.00 %),0,0,0,0,3917870,0.03
07/05/2024,0,0,0.5(0.00 %),0,0,0,0,3917870,0.03
08/05/2024,0,0,0.5(0.00 %),0,0,0,0,3917870,0.03
09/05/2024,0,0,0.5(0.00 %),0,0,0,0,3917870,0.03
10/05/2024,0,0,0.5(0.00 %),0,0,0,0,3917870,0.03
13/05/2024,0,0,0.5(0.00 %),0,0,0,0,3917870,0.03
14/05/2024,0,0,0.5(0.00 %),0,0,0,0,3917870,0.0
15/05/2024,0,0,0.5(0.00 %),0,0,0,0,3917870,0.0
16/05/2024,0,0,0.5(0.00 %),0,0,0,0,3917870,0.0
17/05/2024,0,0,0.5(0.00 %),0,0,0,0,3917870,0.03
20/05/2024,0,0,0.5(0.00 %),0,0,0,0,3917870,0.03
21/05/2024,0,0,0.5(0.00 %),0,0,0,0,3917870,0.03
22/05/2024,0,0,0.5(0.00 %),0,0,0,0,3917870,0.03
23/05/2024,0,0,0.5(0.00 %),0,0,0,0,3917870,0.03
24/05/2024,0,0,0.5(0.00 %),0,0,0,0,3917870,0.0
27/05/2024,0,0,0.5(0.00 %),0,0,0,0,3917870,0.03
28/05/2024,0,0,0.5(0.00 %),0,0,0,0,3917870,0.03
29/05/2024,0,0,0.5(0.00 %),0,0,0,0,3917870,0.03
30/05/2024,0,0,0.5(0.00 %),0,0,0,0,3917870,0.03
31/05/2024,0,0,0.5(0.00 %),0,0,0,0,3917870,0.03
03/06/2024,0,0,0.5(0.00 %),0,0,0,0,3917870,0.0
04/06/2024,0,0,0.5(0.00 %),0,0,0,0,3917870,0.0
05/06/2024,0,0,0.5(0.00 %),0,0,0,0,3917870,0.0
06/06/2024,0,0,0.5(0.00 %),0,0,0,0,3917870,0.03
07/06/2024,0,0,0.5(0.00 %),0,0,0,0,3917870,0.03
10/06/2024,0,0,0.5(0.00 %),0,0,0,0,3917870,0.0
11/06/2024,0,0,0.5(0.00 %),0,0,0,0,3917870,0.0
12/06/2024,0,0,0.5(0.00 %),0,0,0,0,3917870,0.03
13/06/2024,0,0,0.5(0.00 %),0,0,0,0,3917870,0.03
14/06/2024,0,0,0.5(0.00 %),0,0,0,0,3917870,0.03
17/06/2024,0,0,0.5(0.00 %),0,0,0,0,3917870,0.03
18/06/2024,0,0,0.5(0.00 %),0,0,0,0,3917870,0.03
19/06/2024,0,0,0.5(0.00 %),0,0,0,0,3917870,0.03
20/06/2024,0,0,0.5(0.00 %),0,0,0,0,3917870,0.03
21/06/2024,0,0,0.5(0.00 %),0,0,0,0,3917870,0.03
24/06/2024,0,0,0.5(0.00 %),0,0,0,0,3917870,0.03
25/06/2024,0,0,0.5(0.00 %),0,0,0,0,3917870,0.03
26/06/2024,0,0,0.5(0.00 %),0,0,0,0,3917870,0.03
27/06/2024,0,0,0.5(0.00 %),0,0,0,0,3917870,0.03
28/06/2024,0,0,0.5(0.00 %),0,0,0,0,3917870,0.03
03/07/2024,0,0,0.5(0.00 %),0,0,0,0,3917870,0.0
04/07/2024,0,0,0.5(0.00 %),0,0,0,0,3917870,0.0
05/07/2024,0,0,0.5(0.00 %),0,0,0,0,3917870,0.0
08/07/2024,0,0,0.5(0.00 %),0,0,0,0,3917870,0.0
09/07/2024,0,0,0.5(0.00 %),0,0,0,0,3917870,0.0
10/07/2024,0,0,0.5(0.00 %),0,0,0,0,3917870,0.0
11/07/2024,0,0,0.5(0.00 %),0,0,0,0,3917870,0.0
12/07/2024,0,0,0.5(0.00 %),0,0,0,0,3917870,0.0
15/07/2024,0,0,0.5(0.00 %),0,0,0,0,3917870,0.0
16/07/2024,0,0,0.5(0.00 %),0,0,0,0,3917870,0.0
17/07/2024,0,0,0.5(0.00 %),0,0,0,0,3917870,0.0
18/07/2024,0,0,0.5(0.00 %),0,0,0,0,3917870,0.0
19/07/2024,0,0,0.5(0.00 %),0,0,0,0,3917870,0.0
22/07/2024,0,0,0.5(0.00 %),0,0,0,0,3917870,0.0
23/07/2024,0,0,0.5(0.00 %),0,0,0,0,3917870,0.0
24/07/2024,0,0,0.5(0.00 %),0,0,0,0,3917870,0.0
25/07/2024,0,0,0.5(0.00 %),0,0,0,0,3917870,0.0
26/07/2024,0,0,0.5(0.00 %),0,0,0,0,3917870,0.0
29/07/2024,0,0,0.5(0.00 %),0,0,0,0,3917870,0.0
30/07/2024,0,0,0.5(0.00 %),0,0,0,0,3917870,0.0
31/07/2024,0,0,0.5(0.00 %),0,0,0,0,3917870,0.0
01/08/2024,0,0,0.5(0.00 %),0,0,0,0,3917870,0.0
02/08/2024,0,0,0.5(0.00 %),0,0,0,0,3917870,0.0
05/08/2024,0,0,0.5(0.00 %),0,0,0,0,3917870,0.0
06/08/2024,0,0,0.5(0.00 %),0,0,0,0,3917870,0.0
07/08/2024,0,0,0.5(0.00 %),0,0,0,0,3917870,0.0
08/08/2024,0,0,0.5(0.00 %),0,0,0,0,3917870,0.0
09/08/2024,0,0,0.5(0.00 %),0,0,0,0,3917870,0.0
12/08/2024,0,0,0.5(0.00 %),0,0,0,0,3917870,0.0
13/08/2024,0,0,0.5(0.00 %),0,0,0,0,3917870,0.0
14/08/2024,0,0,0.5(0.00 %),0,0,0,0,3917870,0.0
15/08/2024,0,0,0.5(0.00 %),0,0,0,0,3917870,0.0
16/08/2024,0,0,0.5(0.00 %),0,0,0,0,3917870,0.0
19/08/2024,0,0,0.5(0.00 %),0,0,0,0,3917870,0.0
20/08/2024,0,0,0.5(0.00 %),0,0,0,0,3917870,0.0
21/08/2024,0,0,0.5(0.00 %),0,0,0,0,3917870,0.0
22/08/2024,0,0,0.5(0.00 %),0,0,0,0,3917870,0.0
23/08/2024,0,0,0.5(0.00 %),0,0,0,0,3917870,0.0
26/08/2024,0,0,0.5(0.00 %),0,0,0,0,3917870,0.0
27/08/2024,0,0,0.5(0.00 %),0,0,0,0,3917870,0.0
28/08/2024,0,0,0.5(0.00 %),0,0,0,0,3917870,0.0
29/08/2024,0,0,0.5(0.00 %),0,0,0,0,3917870,0.0
30/08/2024,0,0,0.5(0.00 %),0,0,0,0,3917870,0.0
04/09/2024,0,0,0.5(0.00 %),0,0,0,0,3917870,0.0
05/09/2024,0,0,0.5(0.00 %),0,0,0,0,3917870,0.0
06/09/2024,0,0,0.5(0.00 %),0,0,0,0,3917870,0.0
09/09/2024,0,0,0.5(0.00 %),0,0,0,0,3917870,0.0
10/09/2024,0,0,0.5(0.00 %),0,0,0,0,3917870,0.0
11/09/2024,0,0,0.5(0.00 %),0,0,0,0,3917870,0.0
12/09/2024,0,0,0.5(0.00 %),0,0,0,0,3917870,0.0
13/09/2024,0,0,0.5(0.00 %),0,0,0,0,3917870,0.0
16/09/2024,0,0,0.5(0.00 %),0,0,0,0,3917870,0.0
17/09/2024,0,0,0.5(0.00 %),0,0,0,0,3917870,0.0
18/09/2024,0,0,0.5(0.00 %),0,0,0,0,3917870,0.0
19/09/2024,0,0,0.5(0.00 %),0,0,0,0,3917870,0.0
20/09/2024,0,0,0.5(0.00 %),0,0,0,0,3917870,0.0
23/09/2024,0,0,0.5(0.00 %),0,0,0,0,3917870,0.0
24/09/2024,0,0,0.5(0.00 %),0,0,0,0,3917870,0.0
25/09/2024,0,0,0.5(0.00 %),0,0,0,0,3917870,0.0
26/09/2024,0,0,0.5(0.00 %),0,0,0,0,3917870,0.0
27/09/2024,0,0,0.5(0.00 %),0,0,0,0,3917870,0.0
30/09/2024,0,0,0.5(0.00 %),0,0,0,0,3917870,0.0
01/10/2024,0,0,0.5(0.00 %),0,0,0,0,3917870,0.0
02/10/2024,0,0,0.5(0.00 %),0,0,0,0,3917870,0.0
03/10/2024,0,0,0.5(0.00 %),0,0,0,0,3917870,0.0
04/10/2024,0,0,0.5(0.00 %),0,0,0,0,3917870,0.0
07/10/2024,0,0,0.5(0.00 %),0,0,0,0,3917870,0.0
08/10/2024,0,0,0.5(0.00 %),0,0,0,0,3917870,0.0
09/10/2024,0,0,0.5(0.00 %),0,0,0,0,3917870,0.0
10/10/2024,0,0,0.5(0.00 %),0,0,0,0,3917870,0.0
11/10/2024,0,0,0.5(0.00 %),0,0,0,0,3917870,0.0
14/10/2024,0,0,0.5(0.00 %),0,0,0,0,3917870,0.0
15/10/2024,0,0,0.5(0.00 %),0,0,0,0,3917870,0.0
16/10/2024,0,0,0.5(0.00 %),0,0,0,0,3917870,0.0
17/10/2024,0,0,0.5(0.00 %),0,0,0,0,3917870,0.0
18/10/2024,0,0,0.5(0.00 %),0,0,0,0,3917870,0.0
21/10/2024,0,0,0.5(0.00 %),0,0,0,0,3917870,0.0
22/10/2024,0,0,0.5(0.00 %),0,0,0,0,3917870,0.0
23/10/2024,0,0,0.5(0.00 %),0,0,0,0,3917870,0.0
24/10/2024,0,0,0.5(0.00 %),0,0,0,0,3917870,0.0
25/10/2024,0,0,0.5(0.00 %),0,0,0,0,3917870,0.0
28/10/2024,0,0,0.5(0.00 %),0,0,0,0,3917870,0.0
29/10/2024,0,0,0.5(0.00 %),0,0,0,0,3917870,0.0
30/10/2024,0,0,0.5(0.00 %),0,0,0,0,3917870,0.0
31/10/2024,0,0,0.5(0.00 %),0,0,0,0,3917870,0.0
01/11/2024,0,0,0.5(0.00 %),0,0,0,0,3917870,0.0
04/11/2024,0,0,0.5(0.00 %),0,0,0,0,3917870,0.0
05/11/2024,0,0,0.5(0.00 %),0,0,0,0,3917870,0.0
06/11/2024,0,0,0.5(0.00 %),0,0,0,0,3917870,0.0
07/11/2024,0,0,0.5(0.00 %),0,0,0,0,3917870,0.0
08/11/2024,0,0,0.5(0.00 %),0,0,0,0,3917870,0.0
11/11/2024,0,0,0.5(0.00 %),0,0,0,0,3917870,0.0
12/11/2024,0,0,0.5(0.00 %),0,0,0,0,3917870,0.03
13/11/2024,0,0,0.5(0.00 %),0,0,0,0,3917870,0.0
14/11/2024,0,0,0.5(0.00 %),0,0,0,0,3917870,0.0
15/11/2024,0,0,0.5(0.00 %),0,0,0,0,3917870,0.0
18/11/2024,0,0,0.5(0.00 %),0,0,0,0,3917870,0.0
19/11/2024,0,0,0.5(0.00 %),0,0,0,0,3917870,0.0
20/11/2024,0,0,0.5(0.00 %),0,0,0,0,3917870,0.0
21/11/2024,0,0,0.5(0.00 %),0,0,0,0,3917870,0.0
22/11/2024,0,0,0.5(0.00 %),0,0,0,0,3917870,0.0
25/11/2024,0,0,0.5(0.00 %),0,0,0,0,3917870,0.03
26/11/2024,0,0,0.5(0.00 %),0,0,0,0,3917870,0.03
27/11/2024,0,0,0.5(0.00 %),0,0,0,0,3917870,0.03
28/11/2024,0,0,0.5(0.00 %),0,0,0,0,3917870,0.03
29/11/2024,0,0,0.5(0.00 %),0,0,0,0,3917870,0.03
02/12/2024,0,0,0(0.00 %),0,0,0,0,3917870,0.03
03/12/2024,0,0,0(0.00 %),0,0,0,0,3917870,0.03
04/12/2024,0,0,0(0.00 %),0,0,0,0,3917870,0.03
05/12/2024,0,0,0(0.00 %),0,0,0,0,3917870,0.03
09/12/2024,0,0,0.5(0.00 %),0,0,0,0,3917870,0.03
10/12/2024,0,0,0.5(0.00 %),0,0,0,0,3917870,0.03
16/12/2024,0,0,0.5(0.00 %),0,0,0,0,3917870,0.03
17/12/2024,0,0,0.5(0.00 %),0,0,0,0,3917870,0.03
18/12/2024,0,0,0.5(0.00 %),0,0,0,0,3917870,0.03
19/12/2024,0,0,0.5(0.00 %),0,0,0,0,3917870,0.03
20/12/2024,0,0,0.5(0.00 %),0,0,0,0,3917870,0.03
24/12/2024,0,0,0.5(0.00 %),0,0,0,0,3917870,0.03
25/12/2024,0,0,0.5(0.00 %),0,0,0,0,3917870,0.03
26/12/2024,0,0,0.5(0.00 %),0,0,0,0,3917870,0.03
27/12/2024,0,0,0.5(0.00 %),0,0,0,0,3917870,0.03
30/12/2024,0,0,0.5(0.00 %),0,0,0,0,3917870,0.03
31/12/2024,0,0,0.5(0.00 %),0,0,0,0,3917870,0.03
02/01/2025,0,0,0.5(0.00 %),0,0,0,0,3917870,0.03
03/01/2025,0,0,0.5(0.00 %),0,0,0,0,3917870,0.03
06/01/2025,0,0,0.5(0.00 %),0,0,0,0,3917870,0.03
07/01/2025,0,0,0.5(0.00 %),0,0,0,0,3917870,0.0
08/01/2025,0,0,0.5(0.00 %),0,0,0,0,3917870,0.03
09/01/2025,0,0,0.5(0.00 %),0,0,0,0,3917870,0.03
10/01/2025,0,0,0.5(0.00 %),0,0,0,0,3917870,0.03
13/01/2025,0,0,0.5(0.00 %),0,0,0,0,3917870,0.03
14/01/2025,0,0,0.5(0.00 %),0,0,0,0,3917870,0.03
15/01/2025,0,0,0.5(0.00 %),0,0,0,0,3917870,0.03
16/01/2025,0,0,0.5(0.00 %),0,0,0,0,3917870,0.0
17/01/2025,0,0,0.5(0.00 %),0,0,0,0,3917870,0.03
20/01/2025,0,0,0.5(0.00 %),0,0,0,0,3917870,0.03
21/01/2025,0,0,0.5(0.00 %),0,0,0,0,3917870,0.03
22/01/2025,0,0,0.5(0.00 %),0,0,0,0,3917870,0.03
23/01/2025,0,0,0.5(0.00 %),0,0,0,0,3917870,0.03
24/01/2025,0,0,0.5(0.00 %),0,0,0,0,3917870,0.03
03/02/2025,0,0,0(0.00 %),0,0,0,0,3917870,0.03
04/02/2025,0,0,0.5(0.00 %),0,0,0,0,3917870,0.03
05/02/2025,0,0,0.5(0.00 %),0,0,0,0,3917870,0.03
06/02/2025,0,0,0.5(0.00 %),0,0,0,0,3917870,0.03
07/02/2025,0,0,0.5(0.00 %),0,0,0,0,3917870,0.03
10/02/2025,0,0,0.5(0.00 %),0,0,0,0,3917870,0.03
11/02/2025,0,0,0.5(0.00 %),0,0,0,0,3917870,0.03
12/02/2025,0,0,0.5(0.00 %),0,0,0,0,3917870,0.03
13/02/2025,0,0,0.5(0.00 %),0,0,0,0,3917870,0.03
14/02/2025,0,0,0.5(0.00 %),0,0,0,0,3917870,0.03
17/02/2025,0,0,0.5(0.00 %),0,0,0,0,3917870,0.03
18/02/2025,0,0,0.5(0.00 %),0,0,0,0,3917870,0.03
19/02/2025,0,0,0.5(0.00 %),0,0,0,0,3917870,0.03
20/02/2025,0,0,0.5(0.00 %),0,0,0,0,3917870,0.03
21/02/2025,0,0,0.5(0.00 %),0,0,0,0,3917870,0.03
24/02/2025,0,0,0.5(0.00 %),0,0,0,0,3917870,0.03
25/02/2025,0,0,0.5(0.00 %),0,0,0,0,3917870,0.03
26/02/2025,0,0,0.5(0.00 %),0,0,0,0,3917870,0.03
27/02/2025,0,0,0.5(0.00 %),0,0,0,0,3917870,0.03
28/02/2025,0,0,0.5(0.00 %),0,0,0,0,3917870,0.03
03/03/2025,0,0,0.5(0.00 %),0,0,0,0,3917870,0.03
04/03/2025,0,0,0.5(0.00 %),0,0,0,0,3917870,0.03
05/03/2025,0,0,0.5(0.00 %),0,0,0,0,3917870,0.03
06/03/2025,0,0,0.5(0.00 %),0,0,0,0,3917870,0.03
07/03/2025,0,0,0.5(0.00 %),0,0,0,0,3917870,0.03
10/03/2025,0,0,0.5(0.00 %),0,0,0,0,3917870,0.03
11/03/2025,0,0,0.5(0.00 %),0,0,0,0,3917870,0.03
12/03/2025,0,0,0.5(0.00 %),0,0,0,0,3917870,0.03
13/03/2025,0,0,0.5(0.00 %),0,0,0,0,3917870,0.03
14/03/2025,0,0,0.5(0.00 %),0,0,0,0,3917870,0.03
17/03/2025,0,0,0(0.00 %),0,0,0,0,3917870,0.03
18/03/2025,0,0,0.5(0.00 %),0,0,0,0,3917870,0.03
19/03/2025,0,0,0.5(0.00 %),0,0,0,0,3917870,0.03
20/03/2025,0,0,0.5(0.00 %),0,0,0,0,3917870,0.03
21/03/2025,0,0,0.5(0.00 %),0,0,0,0,3917870,0.03
24/03/2025,0,0,0.5(0.00 %),0,0,0,0,3917870,0.03
25/03/2025,0,0,0.5(0.00 %),0,0,0,0,3917870,0.03
26/03/2025,0,0,0.5(0.00 %),0,0,0,0,3917870,0.03
27/03/2025,0,0,0.5(0.00 %),0,0,0,0,3917870,0.03
28/03/2025,0,0,0.5(0.00 %),0,0,0,0,3917870,0.03
31/03/2025,0,0,0.5(0.00 %),0,0,0,0,3917870,0.03
01/04/2025,0,0,0.5(0.00 %),0,0,0,0,3917870,0.03
02/04/2025,0,0,0.5(0.00 %),0,0,0,0,3917870,0.03
03/04/2025,0,0,0.5(0.00 %),0,0,0,0,3917870,0.03
04/04/2025,0,0,0.5(0.00 %),0,0,0,0,3917870,0.03
08/04/2025,0,0,0.5(0.00 %),0,0,0,0,3917870,0.03
09/04/2025,0,0,0.5(0.00 %),0,0,0,0,3917870,0.03
10/04/2025,0,0,0.5(0.00 %),0,0,0,0,3917870,0.03
11/04/2025,0,0,0.5(0.00 %),0,0,0,0,3917870,0.03
14/04/2025,0,0,0.5(0.00 %),0,0,0,0,3917870,0.03
15/04/2025,0,0,0.5(0.00 %),0,0,0,0,3917870,0.03
16/04/2025,0,0,0.5(0.00 %),0,0,0,0,3917870,0.03
17/04/2025,0,0,0.5(0.00 %),0,0,0,0,3917870,0.03
18/04/2025,0,0,0.5(0.00 %),0,0,0,0,3917870,0.03
21/04/2025,0,0,0.5(0.00 %),0,0,0,0,3917870,0.03
22/04/2025,0,0,0.5(0.00 %),0,0,0,0,3917870,0.03
23/04/2025,0,0,0.5(0.00 %),0,0,0,0,3917870,0.03
24/04/2025,0,0,0.5(0.00 %),0,0,0,0,3917870,0.03
25/04/2025,0,0,0.5(0.00 %),0,0,0,0,3917870,0.03
28/04/2025,0,0,0.5(0.00 %),0,0,0,0,3917870,0.03
29/04/2025,0,0,0.5(0.00 %),0,0,0,0,3917870,0.03
05/05/2025,0,0,0.5(0.00 %),0,0,0,0,3917870,0.03
06/05/2025,0,0,0.5(0.00 %),0,0,0,0,3917870,0.03
07/05/2025,0,0,0.5(0.00 %),0,0,0,0,3917870,0.03
08/05/2025,0,0,0.5(0.00 %),0,0,0,0,3917870,0.03
09/05/2025,0,0,0.5(0.00 %),0,0,0,0,3917870,0.03
12/05/2025,0,0,0.5(0.00 %),0,0,0,0,3917870,0.03
13/05/2025,0,0,0.5(0.00 %),0,0,0,0,3917870,0.03
14/05/2025,0,0,0.5(0.00 %),0,0,0,0,3917870,0.03
15/05/2025,0,0,0.5(0.00 %),0,0,0,0,3917870,0.03
16/05/2025,0,0,0.5(0.00 %),0,0,0,0,3917870,0.03
19/05/2025,0,0,0.5(0.00 %),0,0,0,0,3917870,0.03
20/05/2025,0,0,0.5(0.00 %),0,0,0,0,3917870,0.03
21/05/2025,0,0,0.5(0.00 %),0,0,0,0,3917870,0.03
22/05/2025,0,0,0.5(0.00 %),0,0,0,0,3917870,0.03
23/05/2025,0,0,0.5(0.00 %),0,0,0,0,3917870,0.03
26/05/2025,0,0,0.5(0.00 %),0,0,0,0,3917870,0.03
27/05/2025,0,0,0.5(0.00 %),0,0,0,0,3917870,0.03
28/05/2025,0,0,0.5(0.00 %),0,0,0,0,3917870,0.03
29/05/2025,0,0,0.5(0.00 %),0,0,0,0,3917870,0.03
30/05/2025,0,0,0.5(0.00 %),0,0,0,0,3917870,0.03
02/06/2025,0,0,0.5(0.00 %),0,0,0,0,3917870,0.03
03/06/2025,0,0,0.5(0.00 %),0,0,0,0,3917870,0.03
04/06/2025,0,0,0.5(0.00 %),0,0,0,0,3917870,0.03
05/06/2025,0,0,0.5(0.00 %),0,0,0,0,3917870,0.03
06/06/2025,0,0,0.5(0.00 %),0,0,0,0,3917870,0.03
09/06/2025,0,0,0.5(0.00 %),0,0,0,0,3917870,0.03
10/06/2025,0,0,0.5(0.00 %),0,0,0,0,3917870,0.03
11/06/2025,0,0,0.5(0.00 %),0,0,0,0,3917870,0.03
12/06/2025,0,0,0.5(0.00 %),0,0,0,0,3917870,0.03
13/06/2025,0,0,0.5(0.00 %),0,0,0,0,3917870,0.03
16/06/2025,0,0,0.5(0.00 %),0,0,0,0,3917870,0.03
17/06/2025,0,0,0.5(0.00 %),0,0,0,0,3917870,0.03
18/06/2025,0,0,0.5(0.00 %),0,0,0,0,3917870,0.03
19/06/2025,0,0,0.5(0.00 %),0,0,0,0,3917870,0.03
20/06/2025,0,0,0.5(0.00 %),0,0,0,0,3917870,0.03
23/06/2025,0,0,0.5(0.00 %),0,0,0,0,3917870,0.03
24/06/2025,0,0,0.5(0.00 %),0,0,0,0,3917870,0.03
25/06/2025,0,0,0.5(0.00 %),0,0,0,0,3917870,0.03
26/06/2025,0,0,0.5(0.00 %),0,0,0,0,3917870,0.03
27/06/2025,0,0,0.5(0.00 %),0,0,0,0,3917870,0.03
30/06/2025,0,0,0.5(0.00 %),0,0,0,0,3917870,0.03
01/07/2025,0,0,0.5(0.00 %),0,0,0,0,3917870,0.03
02/07/2025,0,0,0.5(0.00 %),0,0,0,0,3917870,0.03
03/07/2025,0,0,0.5(0.00 %),0,0,0,0,3917870,0.03
04/07/2025,0,0,0.5(0.00 %),0,0,0,0,3917870,0.03
07/07/2025,0,0,0.5(0.00 %),0,0,0,0,3917870,0.03
08/07/2025,0,0,0.5(0.00 %),0,0,0,0,3917870,0.03
09/07/2025,0,0,0(0.00 %),0,0,0,0,3917870,0.03
11/07/2025,0,0,0(0.00 %),0,0,0,0,3917870,0.03
14/07/2025,0,0,0.5(0.00 %),0,0,0,0,3917870,0.03
15/07/2025,0,0,0.5(0.00 %),0,0,0,0,3917870,0.03
16/07/2025,0,0,0.5(0.00 %),0,0,0,0,3917870,0.03
17/07/2025,0,0,0.5(0.00 %),0,0,0,0,3917870,0.03
18/07/2025,0,0,0.5(0.00 %),0,0,0,0,3917870,0.03
21/07/2025,0,0,0.5(0.00 %),0,0,0,0,3917870,0.03
22/07/2025,0,0,0.5(0.00 %),0,0,0,0,3917870,0.03
23/07/2025,0,0,0.5(0.00 %),0,0,0,0,3917870,0.03
24/07/2025,0,0,0.5(0.00 %),0,0,0,0,3917870,0.03
25/07/2025,0,0,0.5(0.00 %),0,0,0,0,3917870,0.03
28/07/2025,0,0,0.5(0.00 %),0,0,0,0,3917870,0.03
29/07/2025,0,0,0.5(0.00 %),0,0,0,0,3917870,0.03
30/07/2025,0,0,0.5(0.00 %),0,0,0,0,3917870,0.03
31/07/2025,0,0,0.5(0.00 %),0,0,0,0,3917870,0.03
01/08/2025,0,0,0.5(0.00 %),0,0,0,0,3917870,0.03
04/08/2025,0,0,0.5(0.00 %),0,0,0,0,3917870,0.03
05/08/2025,0,0,0.5(0.00 %),0,0,0,0,3917870,0.03
06/08/2025,0,0,0.5(0.00 %),0,0,0,0,3917870,0.03
07/08/2025,0,0,0.5(0.00 %),0,0,0,0,3917870,0.03
08/08/2025,0,0,0.5(0.00 %),0,0,0,0,3917870,0.03
11/08/2025,0,0,0.5(0.00 %),0,0,0,0,3917870,0.03
12/08/2025,0,0,0.5(0.00 %),0,0,0,0,3917870,0.03
13/08/2025,0,0,0.5(0.00 %),0,0,0,0,3917870,0.03
14/08/2025,0,0,0.5(0.00 %),0,0,0,0,3917870,0.03
15/08/2025,0,0,0.5(0.00 %),0,0,0,0,3917870,0.03
18/08/2025,0,0,0.5(0.00 %),0,0,0,0,3917870,0.03
19/08/2025,0,0,0.5(0.00 %),0,0,0,0,3917870,0.03
20/08/2025,0,0,0.5(0.00 %),0,0,0,0,3917870,0.03
21/08/2025,0,0,0.5(0.00 %),0,0,0,0,3917870,0.03
22/08/2025,0,0,0.5(0.00 %),0,0,0,0,3917870,0.03
25/08/2025,0,0,0.5(0.00 %),0,0,0,0,0,0.0
